A/Z_1MHz,Θ/Z_1MHz,A/Z_500kHz,Θ/Z_500kHz,A/Z_100kHz,Θ/Z_100kHz,A/Z_50kHz,Θ/Z_50kHz,A/Z_10kHz,Θ/Z_10kHz,label
0.0005475314340246477,-0.011981998796180563,0.0002794384542753703,-0.011651625916590023,5.602625851682259e-05,-0.011688383123610816,3.233757864763083e-05,-0.011809235458315534,8.254104972342665e-06,-0.012602439487028256,1
0.0005487178031529643,-0.011946323040311556,0.00027867344289307655,-0.011706699076869099,5.7021322872794454e-05,-0.011472498814936477,3.1392155323833934e-05,-0.011260951888166263,8.222573405774248e-06,-0.01266135331919514,1
0.0005482139038881965,-0.01192987336789681,0.00028304647587724794,-0.01171338887388083,6.086435531854943e-05,-0.011374449222694606,3.2189264003554884e-05,-0.011973194650322896,8.243098633004418e-06,-0.012555436543158483,1
0.0005471178688277414,-0.011924891290195715,0.00028409450320920936,-0.011815542934178415,6.346480030329675e-05,-0.011394590549652917,3.160545241942817e-05,-0.011742968386536505,8.229517476595039e-06,-0.01250588032276746,1
0.0005474416101926358,-0.011979873674697558,0.00028194795246436465,-0.011700486568372798,5.394197257785491e-05,-0.011687337453263072,3.1823718332220275e-05,-0.01137386590747986,8.220273108150711e-06,-0.01254113582533359,1
0.0005499211792474572,-0.011934732894762962,0.0002805936948201626,-0.011684781674643416,6.227002737057881e-05,-0.011587058053899566,3.2167561062326914e-05,-0.01166660179297185,8.223511442395708e-06,-0.012573638461387114,1
0.0005482388334869273,-0.011951804454668574,0.0002800740659116163,-0.011713503509881398,6.3258238150402e-05,-0.011511467035362688,3.235157266688611e-05,-0.011866300574459619,8.236856108525468e-06,-0.012559431421015574,1
0.0005491989930763785,-0.011949561542182909,0.0002791944604147088,-0.011661696879052367,6.341443645106248e-05,-0.011756524037332558,3.1912831107721695e-05,-0.011422792576450288,8.196442390571896e-06,-0.012674260839401888,1
0.0005491569592776743,-0.011963201448834424,0.0002804189232695996,-0.011722995060450148,5.571218084999336e-05,-0.011682018528037687,3.10571446719538e-05,-0.011740810340094847,8.265319704983795e-06,-0.012582851634017109,1
0.000548708701316136,-0.011916080846681481,0.00027808987294386837,-0.0116921622372765,6.123859906916252e-05,-0.011481585965614743,3.182810270145007e-05,-0.011527344499592142,8.208947785593731e-06,-0.012619190146971465,1
0.0005489411543788713,-0.011969265602261182,0.00028123758291249203,-0.011614057824552151,6.212292757432159e-05,-0.011412510117887808,3.1364683908152075e-05,-0.011627293662691685,8.26909595020844e-06,-0.012587436823597939,1
0.0005478004411834656,-0.011977695972041366,0.0002823604730391104,-0.011709082147963923,5.8894246713149194e-05,-0.011684471298501312,3.173652743184769e-05,-0.011745632606951266,8.216976198215368e-06,-0.012563346915670286,1
0.0005484033954646302,-0.011966743256843118,0.0002836202507120029,-0.011694782142898886,6.010192294449658e-05,-0.011515655748238506,3.1379965737269775e-05,-0.011777869651154684,8.246432632413772e-06,-0.01259270663578178,1
0.0005489606702200218,-0.011956717629154496,0.0002823211162928153,-0.01162270792460456,6.183539105272661e-05,-0.011616399464815423,3.243507893851009e-05,-0.011644455521789105,8.205531321421407e-06,-0.01269818136092908,1
0.0005486797063164219,-0.011966968867310841,0.0002804868359636385,-0.01170860957710083,5.685139058893655e-05,-0.01185701168607152,3.18707710502588e-05,-0.01179632828431888,8.223828871463453e-06,-0.012542609650026541,1
0.0005487757639163327,-0.011974553887144742,0.00028232070644920655,-0.011795296754129568,5.5872393309108816e-05,-0.01168109222976365,3.135254899499671e-05,-0.011910226764853007,8.220096111533841e-06,-0.012638366397740509,1
0.0005477658600335265,-0.011895279462369578,0.0002793721342937122,-0.01174123182818121,5.6120723794182776e-05,-0.011464958512953862,3.177759863396645e-05,-0.011683262156006723,8.249493007195984e-06,-0.012526653033252939,1
0.0005492459788625366,-0.012013855312624461,0.0002786140327665956,-0.01174627203754246,5.6810053977936446e-05,-0.011626215571920728,3.174789029776586e-05,-0.012041076818198052,8.241025972264171e-06,-0.012561727604006317,1
0.0005487937317034605,-0.01197432862004999,0.0002847587911775518,-0.011638578217239546,5.7998346844120735e-05,-0.011450925906495931,3.188139670515412e-05,-0.012047687691373514,8.221033049060917e-06,-0.012590559379904113,1
0.000549813348319867,-0.011948156177063057,0.00027948836894954604,-0.01173876371034322,6.629028931874406e-05,-0.011862371848881144,3.1277359146624575e-05,-0.011652938180356918,8.212332302234224e-06,-0.012610729443068845,1
0.0005513042661227948,-0.011954709365038464,0.0002845431040217872,-0.011720540203551694,5.406628127507698e-05,-0.011511893687541151,3.1600188938920074e-05,-0.011610861253601293,8.158519372193352e-06,-0.012683544482246912,1
0.0005484969438147951,-0.011976937026096795,0.00028023028284429336,-0.011741662218242046,5.833542704528413e-05,-0.011633671347265548,3.169754494735805e-05,-0.011408699591337963,8.220671084438319e-06,-0.012587212254447647,1
0.0005483133785343911,-0.011961606022630739,0.00027891235504259355,-0.011735748724548061,5.73218844264782e-05,-0.011649774025232512,3.146844018364785e-05,-0.01171426613492742,8.203278602226098e-06,-0.012537926698535666,1
0.0005497154029357668,-0.01191372910343576,0.0002807727238000536,-0.011637579533381666,5.57193812779713e-05,-0.011625990057818125,3.14892724272264e-05,-0.011666131316455717,8.26206472855951e-06,-0.012631019173040447,1
0.00054709285699175,-0.012016605939532871,0.00028296032855786886,-0.011710032410566331,5.475767721238439e-05,-0.011297031020047522,3.1632739381160164e-05,-0.011902021454403678,8.25676110105161e-06,-0.012567658348468198,1
0.0005503392118095081,-0.011961745701837593,0.0002818265160610904,-0.011670546548035943,5.794586991545193e-05,-0.011374861839932792,3.112890909809212e-05,-0.011438683125100884,8.234076603831259e-06,-0.012605243411522193,1
0.0005490269151545428,-0.011990202691713478,0.0002813008334868308,-0.01170955226013595,5.7888923569371146e-05,-0.011529038726517232,3.173778053769659e-05,-0.011683571269392701,8.253669922317688e-06,-0.012583089580401505,1
0.0005492302806464962,-0.011947163224770322,0.00028117222177097517,-0.011662887771678425,6.153827147040953e-05,-0.01165165215777423,3.16076313104709e-05,-0.011942114016792836,8.191535055914693e-06,-0.012470251375161365,1
0.0005477322429815992,-0.0120032392215037,0.00028120566230322466,-0.011785380691464325,5.9255627407237276e-05,-0.01157870190030641,3.196442519042716e-05,-0.011592344482429337,8.235347304426544e-06,-0.012622125702251874,1
0.0005477873352705292,-0.011971718805936117,0.00028105511352103556,-0.011664996103133077,6.250912121376291e-05,-0.011450227717966697,3.165672605159082e-05,-0.011585952677993559,8.19393038490661e-06,-0.012626834239222322,1
0.0005489316416551957,-0.01197983500406616,0.00028053298369557503,-0.011662803229946409,6.199419559629575e-05,-0.011389877332468783,3.11137834380169e-05,-0.011450899452349741,8.191526245530495e-06,-0.01264840788519268,1
0.0005487369773123215,-0.01193832330153778,0.0002828437685531812,-0.011716449802318098,6.266195483522803e-05,-0.011537028810763746,3.196454469176884e-05,-0.012302997940971002,8.224840402585441e-06,-0.012703667167448782,1
0.0005498428357280339,-0.011995022324348075,0.000281269033326061,-0.011653038974790746,5.992037609052815e-05,-0.011526504333437196,3.215779980547689e-05,-0.011588925246903902,8.214221150800834e-06,-0.012516219239702467,1
0.0005508012175381599,-0.011981874572129729,0.00027844573056708214,-0.011688876997773538,5.592257294742995e-05,-0.011682788212459003,3.133471127684394e-05,-0.011479553731205336,8.22713153425103e-06,-0.012622640377916662,1
0.0005493706890634813,-0.011997312728640406,0.00028150029902580386,-0.011666588081307123,5.0043771284992134e-05,-0.01154888486678827,3.177198969359737e-05,-0.011577677165128648,8.213374743372798e-06,-0.012615921236156399,1
0.0005489304188772258,-0.011948765464019377,0.00028159638773019805,-0.011790911771924465,5.8716877457125166e-05,-0.011697313204990735,3.167753193921924e-05,-0.011583571161183305,8.214647638751946e-06,-0.012564245957167744,1
0.0005479951093672309,-0.011952450918960836,0.0002791462190735251,-0.011755954670861902,6.448134529855195e-05,-0.011506712750816496,3.173192101406995e-05,-0.01168519569217558,8.228697470022697e-06,-0.0126151578038914,1
0.0005480193769743508,-0.012022675616938072,0.0002850739873030321,-0.011709143907529007,5.526206572435516e-05,-0.011559994280674333,3.168402890775896e-05,-0.011911786760467953,8.21414790229937e-06,-0.012621583234836413,1
0.00054940513175841,-0.011937954114215894,0.00027898166012870493,-0.011690720127118961,6.043938351156732e-05,-0.011545458513502686,3.138985950048931e-05,-0.011679324001492956,8.186086236762598e-06,-0.012514765655763151,1
0.0005493308384894674,-0.011961107775805382,0.0002819021279100787,-0.011764605942717494,6.176926812961236e-05,-0.011477392928991558,3.204146203123934e-05,-0.011554011839028282,8.209343944893314e-06,-0.012605714994087759,1
0.0005499835914320438,-0.011993147895326949,0.00028061286796590343,-0.011734781022788977,5.864750231442398e-05,-0.011700940900108186,3.210956972989042e-05,-0.011450041963636644,8.218289606279824e-06,-0.01253332750433338,1
0.000550309094530485,-0.01196697703019201,0.00028072193413637475,-0.011739939353253076,6.404069606921249e-05,-0.011472529712398958,3.1681778705083444e-05,-0.011744631369802385,8.222941589638577e-06,-0.012549801271280235,1
0.0005505601914161247,-0.011979183032851134,0.0002793629829046418,-0.011710873476929175,5.860458289690159e-05,-0.011518156515695576,3.2346388521193114e-05,-0.011748874949264672,8.249362365742174e-06,-0.012480585069260045,1
0.000547369414245791,-0.011954496313898425,0.00028131047479843836,-0.01161966856552614,5.968088047145666e-05,-0.011588963143358489,3.225302989099247e-05,-0.012062537614935226,8.24970315691234e-06,-0.012560874737568251,1
0.0005495120537381289,-0.01197382449117481,0.0002819772095304123,-0.011706103956712432,5.9029546487457866e-05,-0.011397714332731226,3.10105956721096e-05,-0.011759128103181565,8.218346104115834e-06,-0.012577649061376291,1
0.0005494494837600672,-0.011931792602495437,0.000278796145208482,-0.01168293892940497,5.806906270811244e-05,-0.011549103105938272,3.142505787096459e-05,-0.011719892710598466,8.257683299700024e-06,-0.012624731888679346,1
0.0005501625150635803,-0.012006318191918492,0.00028474980241773593,-0.011748115603989967,5.913628242504458e-05,-0.011488474396749599,3.171839208743349e-05,-0.011528692195197716,8.243625798947275e-06,-0.012590391982701876,1
0.0005483890700903473,-0.011961554299427657,0.0002808446203005209,-0.011768565927672028,5.931391480858197e-05,-0.01153913910738985,3.124415053848276e-05,-0.011677776687173345,8.196245532858696e-06,-0.012494851241963154,1
0.000550479138473373,-0.011947460574262127,0.00028307225973232234,-0.011676037309134637,5.839503311655906e-05,-0.011591058844333535,3.212096901862225e-05,-0.011650965265269578,8.18171644589314e-06,-0.012644350932242353,1
0.0005492526012273643,-0.011981284221866555,0.00028211331781502453,-0.01173829065588084,5.7955835237949465e-05,-0.011474659926031607,3.1836696178232356e-05,-0.011664770201911616,8.264613874764519e-06,-0.012582942263289215,1
0.0005498495586589355,-0.011952960016113049,0.0002776651497742714,-0.011809144501691878,6.320265863854362e-05,-0.011565667980597022,3.147588429343185e-05,-0.011546784341149833,8.188313745561712e-06,-0.012620876311935973,1
0.0005487293580732296,-0.011931099851716007,0.0002809495383143173,-0.011675500660450906,6.481889688687601e-05,-0.011812679256012338,3.1374701555446076e-05,-0.011851529707960787,8.230733461457814e-06,-0.012650884709329603,1
0.0005495130616941314,-0.011930788644645796,0.0002805626586258486,-0.011806110822773417,5.958674880754015e-05,-0.01159648436466649,3.151793037046278e-05,-0.01171102748680693,8.226179178199303e-06,-0.012679713799687815,1
0.0005500992842567446,-0.011981974207289114,0.0002837856504605985,-0.01166534656608268,6.483031333560783e-05,-0.011785773897443095,3.272580615537574e-05,-0.011699229674880055,8.228460094026893e-06,-0.0127138858817727,1
0.0005490914511839402,-0.01196051473500377,0.0002820603093263912,-0.011713592512080364,5.90669861211679e-05,-0.011655998954802843,3.209230658281247e-05,-0.011399055045033354,8.200871140489212e-06,-0.012585830901927634,1
0.0005486932439397033,-0.01196116421643685,0.00028056026042409143,-0.011711705705927923,5.626630802626961e-05,-0.011725123861605496,3.153159068309124e-05,-0.011842203955306566,8.263250993915398e-06,-0.012609775033346437,1
0.0005490087994746074,-0.011991655222980123,0.00028030547294650385,-0.01171295839595034,5.732528312930109e-05,-0.011478625076477258,3.185238459312975e-05,-0.011840821799714156,8.215275700191604e-06,-0.012523420777119123,1
0.0005488029709909829,-0.011936283577786854,0.0002798843218393981,-0.011666164716513648,6.326872157075751e-05,-0.011617309566994277,3.0764214309115964e-05,-0.011570649588999112,8.24778266466507e-06,-0.012656913036760021,1
0.0005496210678769103,-0.011946195814424417,0.00028086353036035254,-0.011679709200543828,6.253273123392907e-05,-0.01162194116946975,3.1361162531700785e-05,-0.011946649087927563,8.212627488004206e-06,-0.012516849126184526,1
0.0005493836468985822,-0.011954861678721302,0.00028002858931720575,-0.011675500244683109,5.8246917308840626e-05,-0.011503898573846176,3.150073688791781e-05,-0.011466945747296396,8.190239401606825e-06,-0.012478715241034256,1
0.0005496544256392647,-0.011966892258497716,0.0002801462261887772,-0.011730437714635682,6.080507646892933e-05,-0.011471092774170627,3.215120191727108e-05,-0.01173566926991926,8.225841166785425e-06,-0.012642352762521882,1
0.0005493808610920352,-0.01196346253216353,0.0002838651309107765,-0.011730608214320348,6.049683467100455e-05,-0.01136815663208454,3.1728131499743716e-05,-0.011684826665540788,8.21717140616008e-06,-0.012557874176547211,1
0.000549777511198726,-0.011957319708521708,0.0002808176938234816,-0.011836769349860733,5.735850279270606e-05,-0.0118436985795648,3.1621763765808425e-05,-0.011476257127564895,8.216353068148222e-06,-0.012639033817775676,1
0.0005505777545478012,-0.011962973945331934,0.0002796422653166557,-0.011788659353602801,6.302836457423303e-05,-0.011447862749346203,3.1285461738472526e-05,-0.01177915948891755,8.244399987598443e-06,-0.012615844796141008,1
0.0005489120320630935,-0.011961826935105356,0.00027992765396310623,-0.011684185592977084,6.0804845539113886e-05,-0.011818879721202801,3.137830291930972e-05,-0.012099788755898505,8.1909551476074e-06,-0.012489464256392503,1
0.0005494177633983355,-0.011946473123760654,0.0002814665701248341,-0.011730321574582855,6.230062740120947e-05,-0.011526658773650288,3.132107774390253e-05,-0.011754028221660133,8.186481579792634e-06,-0.012422927011698674,1
0.0005504934396114132,-0.011944134805257781,0.00028218513809099394,-0.011767743589685457,6.324875144845808e-05,-0.011464923333048759,3.207487336737355e-05,-0.011646012440505504,8.209603174775706e-06,-0.012522295013360309,1
0.0005486632168300085,-0.011971421362741427,0.00028269596568514016,-0.011714015375728727,6.25204067389101e-05,-0.011700519998417742,3.1179103755434095e-05,-0.011832490125633166,8.224133812289013e-06,-0.01259136473204342,1
0.0005498599156259204,-0.011942184447175166,0.0002810893662463691,-0.011708470957262193,5.709732261535814e-05,-0.011500993439251851,3.2255972664275995e-05,-0.011761857748499142,8.236547570960497e-06,-0.012514575043508834,1
0.000549021515682139,-0.011935520367363419,0.0002790586652680856,-0.01171517605444444,5.919058968685349e-05,-0.01169177366288303,3.192254722770795e-05,-0.0117458426284196,8.240373005626092e-06,-0.012549745180367028,1
0.0005484312141025103,-0.011956682355973766,0.000284066703702526,-0.011760497124191761,6.260597548242318e-05,-0.0115478607016027,3.1549249860269165e-05,-0.011653576254958302,8.186381334776804e-06,-0.012499974328177725,1
0.0005489542941653775,-0.011960562591020674,0.0002819476844881613,-0.011665580638439086,6.018843429062028e-05,-0.011677558636229737,3.177242531155422e-05,-0.012039009133523577,8.193189388707434e-06,-0.012600942456366695,1
0.00054807414315001,-0.012021478727957325,0.00028273114225662547,-0.01169433395652665,6.569924899201617e-05,-0.01144851636387882,3.210730183214779e-05,-0.011834434785618882,8.22730680331903e-06,-0.012596004488376602,1
0.0005501467683474111,-0.011946846386383745,0.0002796149547501943,-0.01173840445014191,6.204511630734907e-05,-0.011734429918375134,3.2034545418213617e-05,-0.011632787349005849,8.262602304050779e-06,-0.01256037604928868,1
0.000548715899058649,-0.011988262733605126,0.00028177590327021866,-0.011729576805803265,5.271111302576615e-05,-0.01167877609548957,3.2323062796277356e-05,-0.011718055682313995,8.291977173191829e-06,-0.012678098048222475,1
0.000549665227849591,-0.011983320022848635,0.0002816399182595001,-0.01172559092227039,5.9687469189141884e-05,-0.01145604480460956,3.151067313654857e-05,-0.011590244766132757,8.251011451889031e-06,-0.012684468032105736,1
0.0005498279658672781,-0.011934730752498093,0.00028122842144868293,-0.011691900601625992,5.692293852502288e-05,-0.012037054059772016,3.123570788711076e-05,-0.011616787904714092,8.228859100457347e-06,-0.012625698582743365,1
0.0005495725560678112,-0.011983976841979075,0.00028015970948011895,-0.01176637096919437,5.960028591449159e-05,-0.011687194456270002,3.175327788436658e-05,-0.011610282906150906,8.193504917540091e-06,-0.01247905111116294,1
0.0005493389198581849,-0.011934857332614282,0.0002815128660079921,-0.011831569189457337,5.818026242044461e-05,-0.011976957454421832,3.186966520527892e-05,-0.011512181929821851,8.240958207724237e-06,-0.012521795885572631,1
0.0005490178332021992,-0.011898096282440554,0.00028588673626928995,-0.011734848296240136,5.714320264698698e-05,-0.011860998319955773,3.229267348057642e-05,-0.01190164772811854,8.214151471581664e-06,-0.012615785647958502,1
0.0005500857201328111,-0.011979771432358267,0.00028000240324942697,-0.011701645497255294,6.349320350749332e-05,-0.0115706123932572,3.136620015628303e-05,-0.011680801182695605,8.195747078989434e-06,-0.012551245576266587,1
0.0005482817047384208,-0.011920577161540732,0.00028016991732818643,-0.011754279387108246,5.947902595955129e-05,-0.0115353424621635,3.0884043588677946e-05,-0.01185483021935318,8.222854371694135e-06,-0.01256002223460544,1
0.0005486607068422991,-0.011975859604954292,0.0002812326188662054,-0.011682573308590573,5.4329119744281095e-05,-0.011536729468476746,3.242320152943095e-05,-0.011604392770332546,8.229133351791773e-06,-0.012646668050711274,1
0.0005504110184923604,-0.011947364575453786,0.0002826398806681083,-0.01167099588642912,6.228302625636016e-05,-0.011316462676915807,3.213000466133754e-05,-0.011727791353832562,8.256267890873264e-06,-0.012622287195473609,1
0.0005477709218805713,-0.012006354113182235,0.0002803102642190535,-0.011714137498416561,6.141560610016674e-05,-0.011490889878408638,3.1978785805623545e-05,-0.01159620571318776,8.253787667906731e-06,-0.01267285553491473,1
0.0005474170290341589,-0.01199142221288204,0.0002802660918584756,-0.011571164539571233,6.0464373413778e-05,-0.011639996595277716,3.1933649163020635e-05,-0.011889525831264076,8.216201710223418e-06,-0.01256361682075451,1
0.0005480398980652585,-0.011953143886817135,0.0002816389358718023,-0.011648832027008673,5.8446696946115785e-05,-0.011848647337258295,3.162707785833496e-05,-0.011689455094942588,8.230489180334316e-06,-0.01267671667569871,1
0.0005492239408596363,-0.011947268726634867,0.00028122806823575435,-0.011693104662300358,5.759393663936103e-05,-0.011478887975628816,3.110395461784718e-05,-0.0115922412749385,8.222993411456452e-06,-0.012555861508111289,1
0.0005500030335417314,-0.011934102619201,0.00028238835878954024,-0.011637928642035644,5.525472510325869e-05,-0.011742693109975591,3.1330255347120266e-05,-0.01141305016426136,8.226927074390106e-06,-0.012684580520134487,1
0.000548148031364195,-0.011953456365546056,0.00028116630315293896,-0.011655473943982687,5.7677532217042996e-05,-0.011404599363454728,3.151233970613041e-05,-0.011796922209632956,8.21047194068587e-06,-0.012596941706405284,1
0.0005494189835186749,-0.011957483584423056,0.0002834049584668701,-0.011688211167418725,5.958820784785921e-05,-0.011508017255857586,3.199617967662416e-05,-0.01159673673914128,8.244053062257261e-06,-0.012536881615778718,1
0.0005480019304354403,-0.011955367945412722,0.00028020484363886026,-0.011622133661576634,5.527965559297494e-05,-0.011528207155187918,3.2152263644706184e-05,-0.011736916764253995,8.233614294689996e-06,-0.012489389556360189,1
0.0005488851226794668,-0.011968459324773644,0.00028241156995129204,-0.01168990145205697,5.701144364768133e-05,-0.011660068251533226,3.202480015896214e-05,-0.011640225391444258,8.18213015230812e-06,-0.012571556807917059,1
0.0005482157302666508,-0.01197907142899339,0.00028049330459578825,-0.011682785900360523,6.50932791376759e-05,-0.011673831979711403,3.11285244450399e-05,-0.011939028221945428,8.24440446683252e-06,-0.012574371258699459,1
0.000548755979359018,-0.011973311248324462,0.00028316753106533507,-0.011713727824302885,5.169467219070764e-05,-0.011755800549487678,3.173834279495491e-05,-0.011852744394760903,8.232360807395768e-06,-0.012644068667893653,1
0.0005484508230445193,-0.011945357802230057,0.0002818340415753749,-0.0117765214131469,5.3776512079927075e-05,-0.011724583490030877,3.188777946528048e-05,-0.011832529250948558,8.239510358461941e-06,-0.012583440528318097,1
0.0005490576869100434,-0.011928514253455936,0.00028105609484179014,-0.011721872931312875,5.996373805672847e-05,-0.01163942011456419,3.1785538334709955e-05,-0.011615216878241786,8.21553875383128e-06,-0.012563416632962947,1
0.0005475124975024739,-0.011998896193701702,0.0002835864536641742,-0.011713487507548295,5.808076950403031e-05,-0.011663052330485896,3.13996522734684e-05,-0.011836502474646682,8.202210573670605e-06,-0.012657886365565611,1
0.0005489561010708242,-0.011947228362109963,0.0002806915540745875,-0.011717826628395768,5.50831358063559e-05,-0.011859045799918786,3.222903464981965e-05,-0.01210245870864379,8.237391338099642e-06,-0.01257632584100415,1
0.0005487162061697415,-0.01194815905792899,0.0002814913772462098,-0.011724915084928877,5.997793225940587e-05,-0.01151983801935486,3.117808901404213e-05,-0.01157203203365649,8.23583957827125e-06,-0.01255448985213084,1
0.0005474280812170476,-0.011951444195993772,0.0002837210025141125,-0.011656345318885975,5.692713184180221e-05,-0.011725216168166502,3.165428201060358e-05,-0.011775578167001649,8.232300612954712e-06,-0.012626284663274357,1
0.0005463620380977201,-0.011978711575137461,0.0002809715510378884,-0.0117279024275672,5.929784449844738e-05,-0.011583190428366252,3.1879484490271196e-05,-0.011763302527281028,8.19917503557624e-06,-0.01261660784516641,0
0.0005495078069563249,-0.011958783842924172,0.0002810285986530483,-0.01168193932983197,6.041630095043427e-05,-0.011799986581716057,3.172863797574986e-05,-0.011787970013932097,8.234775254146265e-06,-0.012629407181215427,0
0.0005479572353175837,-0.011991444350041026,0.00028169632507129416,-0.011759887025145549,6.066535867785452e-05,-0.01171193359608741,3.1502858342230365e-05,-0.011750100156737477,8.29484315283156e-06,-0.012563529181382099,0
0.0005477481692078886,-0.011961904038549059,0.0002805921322185549,-0.011702560389507326,5.982521368652498e-05,-0.011585282097013913,3.200636138979116e-05,-0.011746556608023416,8.271687431606121e-06,-0.012584537369118624,0
0.0005493437208107587,-0.012004507487524577,0.00027943613280234403,-0.011728126011857265,6.006162119326149e-05,-0.011675992447244174,3.173185656158379e-05,-0.01174557326656558,8.262996728943184e-06,-0.01261523226537787,0
0.0005482294665132352,-0.011979135621800833,0.0002807791176434353,-0.011721317144732318,5.7878726779022256e-05,-0.01179978779256914,3.175815937045694e-05,-0.011702221659163846,8.264753278428033e-06,-0.012567981692856505,0
0.000547784319874004,-0.011986076722051497,0.00028073634717178174,-0.011707604574017852,5.9945318743454803e-05,-0.011649267638740603,3.161663696562377e-05,-0.01175282939245499,8.290595348854137e-06,-0.012582498971102323,0
0.0005485732957519226,-0.011996408320455352,0.0002812731426355787,-0.01170447366256264,6.284857402150786e-05,-0.011525529723445335,3.164179122990421e-05,-0.011771917453160086,8.26840197912106e-06,-0.012664760033143404,0
0.0005507181619539028,-0.011999887900407204,0.0002808270545697522,-0.011750087308436241,6.246072450124385e-05,-0.011672850135880165,3.1816498593801596e-05,-0.011754053112110288,8.261563130985403e-06,-0.012665758781615227,0
0.0005486865089134573,-0.011948556854898196,0.0002803716147437081,-0.011713500778107299,5.7698149441310064e-05,-0.01138834413459656,3.204151534553721e-05,-0.011740378381875869,8.262528784099229e-06,-0.012638425152473438,0
0.0005472015034663363,-0.011980123170495188,0.0002810247596299612,-0.011733412125417281,6.227399820265907e-05,-0.01176143146385726,3.1669013298854576e-05,-0.011731671699022577,8.196981350630502e-06,-0.012626888735004603,0
0.0005501281377437853,-0.012005405827270823,0.0002810901794323195,-0.011706623197286894,5.8911960874031206e-05,-0.011596975506143888,3.191353158823377e-05,-0.011740097075378255,8.233314981768238e-06,-0.012552449164572642,0
0.0005493359169290008,-0.011945614491335795,0.00028042062871091815,-0.011710469556252948,6.065943716090609e-05,-0.011590441262161532,3.193028223651272e-05,-0.011802007883296096,8.272670550259171e-06,-0.012610615711844256,0
0.0005497507178734209,-0.011993929107266136,0.00028145415430122934,-0.011738447500072932,6.048813111266967e-05,-0.011776435749919515,3.16185790706117e-05,-0.011668124728756647,8.249019901568092e-06,-0.012577450096671041,0
0.0005464493642718479,-0.011932765054386625,0.00028053817885399297,-0.011749936945637748,6.04264826214584e-05,-0.011469784011552167,3.192489086602959e-05,-0.011752907456577132,8.268578067554507e-06,-0.012550963126156686,0
0.0005481453082519698,-0.011961224212911398,0.0002800959717028137,-0.011722246629404985,5.8170683695292005e-05,-0.01192892168191449,3.1581129993504176e-05,-0.011738155775900877,8.247780671506128e-06,-0.012571764685100488,0
0.0005485283689816234,-0.011985824332002234,0.0002796770148204413,-0.011691184435826577,6.052814338738505e-05,-0.011588953689702943,3.1738736793857574e-05,-0.011810033259625884,8.205916498290697e-06,-0.012595492915321027,0
0.000550237858196936,-0.011946569652008764,0.00028080588035931026,-0.011776795605429175,6.0252708051938124e-05,-0.011583104585502473,3.174121996853949e-05,-0.011753526715918432,8.22805909525995e-06,-0.012570310875844143,0
0.0005483376818558632,-0.011962080187145903,0.000279671085459003,-0.01170525161129241,6.294138622683051e-05,-0.011796918773591503,3.174297998601303e-05,-0.011811214003471703,8.156255527163024e-06,-0.012570180338155072,0
0.0005500986790389654,-0.011950837940740382,0.0002799296072437792,-0.011688211282174722,5.9842992418292016e-05,-0.011753018133568546,3.203454321185776e-05,-0.011666650429217044,8.223656286614467e-06,-0.012621286392474184,0
0.0005490726104035905,-0.01202333086378606,0.0002815155690756786,-0.01179185582299007,5.929807066350416e-05,-0.012002045998863146,3.205542087872947e-05,-0.011769777371417269,8.26980277192724e-06,-0.01259657539907649,0
0.0005500426585858888,-0.011988742723558935,0.0002816898309069072,-0.011716535252632533,5.9788016326768006e-05,-0.011625676409580748,3.175660383197272e-05,-0.01176255211754533,8.208247514292917e-06,-0.012599977342619943,0
0.0005481393263938292,-0.011998117937786152,0.0002809736744379366,-0.011690195113409433,5.788927436752069e-05,-0.011638122866865918,3.1704310252625166e-05,-0.011807387207572517,8.19867966691729e-06,-0.012595348578855857,0
0.0005482836749619737,-0.011979757152640394,0.0002799338589186152,-0.011709565579367578,6.010099627444202e-05,-0.011454589583643397,3.177637324958144e-05,-0.011685775002497104,8.198176171914547e-06,-0.012565447762945691,0
0.0005494210932348388,-0.011976723458808586,0.0002807917400006008,-0.011735825004207572,5.968693063666953e-05,-0.011609145628180377,3.191148180773348e-05,-0.011745078063366547,8.276308724794778e-06,-0.012539184256444059,0
0.0005485449502627958,-0.011947498426656334,0.0002812052239031018,-0.011731388479600167,5.749437932216764e-05,-0.011556228650199087,3.1785852961714715e-05,-0.011753951140130505,8.242330191542243e-06,-0.012602914554279608,0
0.0005507089132656151,-0.011978152323538447,0.00027952802323891326,-0.011705371686532726,6.297743809852514e-05,-0.011593237962103802,3.180089129197568e-05,-0.011731428821894577,8.196845043523215e-06,-0.01257183934485675,0
0.0005512904811284087,-0.011967265888787954,0.00028051134320745567,-0.01177237847323846,6.0987756323085395e-05,-0.011419488239727282,3.193184751553818e-05,-0.011800341219138706,8.297646669329066e-06,-0.012515083627766809,0
0.0005484821565876102,-0.012004887165555323,0.0002825596592169564,-0.011713602083735673,5.784446860148998e-05,-0.01188776178554671,3.163838883735985e-05,-0.01173771810385434,8.25492476284503e-06,-0.012576180842691624,0
0.0005488771161151049,-0.012011490091485917,0.00028048774983061757,-0.011697082997864696,5.863129209728971e-05,-0.011462931987730499,3.204843982717843e-05,-0.011833554721884913,8.288317581144028e-06,-0.012549691830363524,0
0.0005481991745922909,-0.012019088289584265,0.0002803296488625495,-0.011750697201590662,5.905380315176159e-05,-0.011281397906064609,3.1701239153094104e-05,-0.011793770903693806,8.27048569885353e-06,-0.01261771865119136,0
0.0005456835275575436,-0.012004761976472064,0.00028055915307906976,-0.01175995243210255,5.880018895346639e-05,-0.011493388590557397,3.173154189503482e-05,-0.011789593647967271,8.273362027851401e-06,-0.01261096145851995,0
0.0005477521707113154,-0.01197103818098152,0.0002803844345261946,-0.01170622463184227,5.963959262193399e-05,-0.011572160613298552,3.163901728990825e-05,-0.011773794305497786,8.19264857798515e-06,-0.012610017990306624,0
0.0005504460756374459,-0.011959064003845832,0.00028078782411020196,-0.01169169571571354,5.752085031600488e-05,-0.011498593021464202,3.193908470449833e-05,-0.011708751753719713,8.245437872609482e-06,-0.012565851587135024,0
0.00054750325455234,-0.012002760764125455,0.00028176885476050674,-0.011752448413257033,5.955434949051451e-05,-0.011807796402995539,3.177357664292379e-05,-0.011734017927355091,8.267995245972184e-06,-0.012618975320972042,0
0.0005510342296986209,-0.011993208319527087,0.00028102512086168916,-0.011675662889852891,5.978679530173528e-05,-0.011635731207716096,3.1468607162635006e-05,-0.011774336437651068,8.274195869605983e-06,-0.012603260720654954,0
0.0005497891485768146,-0.011943989489723054,0.00028147583355003596,-0.011696039892087475,5.992402992083037e-05,-0.011658163404160203,3.169038265942799e-05,-0.011778561829131878,8.232001138024765e-06,-0.01257552499235648,0
0.0005492177843146606,-0.011993189455328202,0.00028146572417958994,-0.011750866731767989,5.986644410549779e-05,-0.011739277028340976,3.177369951696758e-05,-0.011804010114219795,8.237453439112427e-06,-0.01257387562940837,0
0.0005466446823668049,-0.012003875744658886,0.0002817253263543509,-0.011725244533251947,6.224804186894924e-05,-0.011694161570835972,3.170858366713166e-05,-0.01173256336005355,8.189347502158028e-06,-0.012625134329803783,0
0.0005502012140584832,-0.011986295813886513,0.00028038227081038125,-0.011720032971865624,5.8901815329445306e-05,-0.011790907416254014,3.17758426714681e-05,-0.011716869400353743,8.219242811543731e-06,-0.012573107036529535,0
0.0005503201938439926,-0.011980630295841739,0.00028065881953457354,-0.011735456196619363,6.042009914886309e-05,-0.011503963883850214,3.146572775116681e-05,-0.011785888344722365,8.288493261681254e-06,-0.012602651344151438,0
0.0005492616260855837,-0.011966197071375435,0.00028108576401245224,-0.011722809838466113,5.722426588768968e-05,-0.011579806916157216,3.164286433559663e-05,-0.011718886248990097,8.2595731767272e-06,-0.012630537458776552,0
0.0005500828784844241,-0.011951422281978595,0.00028124338066458154,-0.011694247758943363,6.032555343667143e-05,-0.011747041540890788,3.180142495207978e-05,-0.011786462093966128,8.199028383652268e-06,-0.012664126620342026,0
0.0005474893829189022,-0.01200354437585423,0.00028075356230381393,-0.011758620230586474,5.948196672188342e-05,-0.011316014380482508,3.175113897217392e-05,-0.011799659509803963,8.259289668679041e-06,-0.012654689771443852,0
0.000550689757534626,-0.011977751494766101,0.00027989483067054227,-0.011759850627412197,5.9775399769445327e-05,-0.011468448465098369,3.184697284961011e-05,-0.011769639169535417,8.175590084925911e-06,-0.012625444609040486,0
0.0005507883028700364,-0.011979506719190555,0.00028230953544106655,-0.01173176435782713,6.128811873304586e-05,-0.011724022621795218,3.1609521211988827e-05,-0.011736961302061606,8.276454647136133e-06,-0.012534081689437745,0
0.000549754594853989,-0.012025308484438868,0.0002804411957428371,-0.011727756877884283,5.854028074820432e-05,-0.01158895273883178,3.1999448739096686e-05,-0.011752948043700156,8.216662963909669e-06,-0.012564942323755279,0
0.0005498421524695376,-0.012000847009221166,0.0002811621687429603,-0.011785417680760609,5.709564794892446e-05,-0.011784929999338343,3.2029449905629185e-05,-0.011775171334627561,8.267918266779625e-06,-0.012570283144673748,0
0.0005463340842267359,-0.011993546334604048,0.0002822150732829405,-0.011719720915243407,6.022085542252126e-05,-0.011767097463234844,3.157292053991087e-05,-0.011751707497039908,8.255289743453588e-06,-0.012654277845706068,0
0.0005477450390330591,-0.011988227568679552,0.0002822633247891077,-0.011720141869856104,6.071541912154057e-05,-0.011492094792896018,3.147124073741433e-05,-0.011840215665379532,8.198020045842885e-06,-0.012564553403893614,0
0.0005489918100841799,-0.012020336198066897,0.00028145005514776004,-0.011735748286573679,6.081077281229547e-05,-0.01171090055207033,3.171908560745279e-05,-0.011711662820372918,8.241594917800054e-06,-0.012605795767123236,0
0.0005509021099176196,-0.012025001418544323,0.00028056391122968736,-0.011763530575557634,6.362690482020321e-05,-0.011822419311599242,3.177189100915988e-05,-0.011711184445384798,8.208115932388137e-06,-0.012594929774188083,0
0.000547896711366692,-0.012006555555320092,0.0002804285795589972,-0.011766587014924845,6.0502087109340436e-05,-0.011674993328532293,3.169109402725573e-05,-0.011712212133385155,8.220192974241673e-06,-0.012555629619205779,0
0.0005505734870341881,-0.011998465591585857,0.00028147062428381646,-0.011720166953534472,5.976796436201723e-05,-0.01152169112808893,3.1885319321899445e-05,-0.011727677821638862,8.210228914679758e-06,-0.0126056302415932,0
0.0005513687315786259,-0.011936472375642269,0.00027994311255853796,-0.0117343423878973,5.843885670316585e-05,-0.011776954832595794,3.176319023147834e-05,-0.011664472945570055,8.268888585606267e-06,-0.012606258157891782,0
0.0005474008700542701,-0.011987801369168152,0.0002796281572993504,-0.011692273934518294,5.8592390256012135e-05,-0.01174277311892368,3.178287747445104e-05,-0.011726075893855728,8.244974130494964e-06,-0.012543515592692518,0
0.0005486594211522841,-0.011981905763211972,0.00028042622296828025,-0.011718833363935309,6.091858297907939e-05,-0.011729821137613592,3.1695638849824415e-05,-0.011725131253830692,8.221936940743026e-06,-0.012637771383510587,0
0.0005477862655196292,-0.011987109640550721,0.0002811979708884897,-0.011705656654667254,6.067416150556778e-05,-0.011754031938089434,3.202238534838763e-05,-0.011754451336344783,8.267481513392551e-06,-0.012512238992024829,0
0.000548656836244236,-0.012006871216376282,0.000279859721490014,-0.011701509081081621,5.832726991712849e-05,-0.011256642988961644,3.1864355264827897e-05,-0.011768094926169386,8.179287274623226e-06,-0.012568665960695174,0
0.0005478787074143325,-0.011921628639152993,0.0002801464638321963,-0.011768822954456857,6.0494550707434686e-05,-0.011777172303273641,3.166333425377591e-05,-0.011701720876884161,8.264898322245476e-06,-0.012628165740268111,0
0.0005500647520549273,-0.01197171816528658,0.0002800593652590819,-0.011706852694646669,6.108335725993889e-05,-0.011908920915340045,3.188959585167789e-05,-0.011787542184595868,8.247780555862124e-06,-0.012545875644075208,0
0.0005506231119563666,-0.011991199338879996,0.0002812489669022323,-0.011713351966261295,5.7897807933815016e-05,-0.01171506779356792,3.1937288318794704e-05,-0.011824096759595618,8.27314959648172e-06,-0.012604427419629763,0
0.0005481318667558764,-0.011974093380816194,0.0002829669341221741,-0.011735782531310775,5.8466634697656505e-05,-0.011681251599010027,3.148745711803115e-05,-0.011742943052098007,8.314293988100969e-06,-0.012541983944782854,0
0.0005502866450012395,-0.011952106660810197,0.00027909152250921106,-0.011759167026929522,6.0163274222074125e-05,-0.011751303121598451,3.1782995177716474e-05,-0.01181484256989291,8.17339787079896e-06,-0.012587555861790204,0
0.0005501208320878391,-0.012005144442095298,0.00028199918613624884,-0.011738669671838101,6.123165571159378e-05,-0.01170140004436174,3.187511442369201e-05,-0.011759292342710788,8.244357649221173e-06,-0.01250370984758585,0
0.0005497803484839806,-0.011991361345103313,0.00028076320649682063,-0.011796026949847233,6.385680884051184e-05,-0.011745058636342568,3.2042703521182814e-05,-0.011831681184940485,8.253078465736637e-06,-0.012559130707671113,0
0.0005490934251208445,-0.011962413533487355,0.000278887903939239,-0.011724761735096116,5.920057610495991e-05,-0.0116548713822502,3.168042983287418e-05,-0.0117963231370383,8.2441565121852e-06,-0.012532687057252008,0
0.0005496327457598605,-0.011992243712255799,0.000280477289336392,-0.011733100400815604,6.177353176116838e-05,-0.011550106434842953,3.168489862098887e-05,-0.01168885018149529,8.18667377990378e-06,-0.012575831934879758,0
0.0005511204881347352,-0.012004040384734512,0.00027999576273452393,-0.01173352302754178,6.376206702139643e-05,-0.01151808011406843,3.183322258900054e-05,-0.011752046423095488,8.271656929720177e-06,-0.012575321018591662,0
0.0005500539707455556,-0.011985049926863755,0.0002819137122366166,-0.011762618030107133,5.759421706510881e-05,-0.011518904220980189,3.195366083173733e-05,-0.01179377685131486,8.212865104796927e-06,-0.012565524990810682,0
0.00055236299624884,-0.012003550594569399,0.00028213070152546013,-0.01173932420661999,5.910405802711589e-05,-0.01146873388738581,3.17923266926029e-05,-0.011752524993033062,8.252213830688099e-06,-0.012621510770883648,0
0.0005482133427834203,-0.011986745016126765,0.0002811519766796266,-0.011723723018289355,6.221502195330152e-05,-0.011509562417232866,3.1913631154513606e-05,-0.011749818109437593,8.258413494731923e-06,-0.012557454433636898,0
0.0005514525239075983,-0.011975754042134976,0.0002798858593334741,-0.01170298663563655,6.235349073079507e-05,-0.011902190898336681,3.192958409936956e-05,-0.011802494633404804,8.216860317508504e-06,-0.012615264819975928,0
0.0005507254319230106,-0.011958057526496282,0.0002810059812817201,-0.011732743159707548,5.8737544556832865e-05,-0.011759375176352779,3.180404784199717e-05,-0.01172287084416575,8.201924067549889e-06,-0.012653360840167409,0
0.0005490431205394155,-0.011982931412318987,0.0002813573304711145,-0.011761770217844664,6.174030930263781e-05,-0.011569286727328985,3.194601307798855e-05,-0.01175200178730178,8.255444228330949e-06,-0.012596383473452476,0
0.0005501936533932949,-0.011989441531885381,0.00028058071836172243,-0.011716376775114517,5.805115382455926e-05,-0.011601192061928417,3.17519831966422e-05,-0.011764304737553856,8.264597167678418e-06,-0.012558559444980152,0
0.0005468896404493036,-0.012005304535165044,0.00027989270294200014,-0.011739868075500644,5.915621460208582e-05,-0.01167017902488755,3.169838853472609e-05,-0.011737914009389715,8.279007609961963e-06,-0.01254375852844968,0
0.0005510005621687926,-0.011982253989953172,0.0002818684628239875,-0.011732785817095005,5.928882616647552e-05,-0.011565149867674011,3.191419795880345e-05,-0.01175049057569623,8.19784598202914e-06,-0.012564157024053285,0
0.000548731680196398,-0.011995560804252637,0.00028168401505089297,-0.011748258152317639,5.950915362362394e-05,-0.011663967608232568,3.199373687535529e-05,-0.011782494042523286,8.257645038842285e-06,-0.012617947516744056,0
0.0005491757660368188,-0.011962563771075694,0.00028135264899060264,-0.011706542046636886,5.9868841927439336e-05,-0.011762669577430218,3.155786091732563e-05,-0.011768700337086388,8.303607104945216e-06,-0.01259701254286819,0
0.0005508184040568833,-0.011966776408416533,0.00027988284029296733,-0.011785595020375282,5.872195059268258e-05,-0.011649752333587258,3.192931016251563e-05,-0.01171892254053474,8.187023352830789e-06,-0.012626820275750305,0
0.0005483607857338208,-0.011982363531051211,0.0002805519661752589,-0.011694733273186578,6.09846836448656e-05,-0.011701093520663503,3.1887250518839365e-05,-0.011707140732336117,8.286254838364915e-06,-0.01262045682253173,0
0.0005493677283414468,-0.011960481118859301,0.0002790796635548083,-0.011717495796782516,6.0048403745232876e-05,-0.01177795281053648,3.17569807061264e-05,-0.011719705707665383,8.20932117275095e-06,-0.01259644994971584,0
0.0005480015334310429,-0.012004009210873613,0.0002800057091596066,-0.011750129832472077,5.8932590757545216e-05,-0.01161733983092544,3.169966541025349e-05,-0.011751348709077744,8.230512266515562e-06,-0.01260912528229661,0
0.0005479268350689001,-0.011995693777690613,0.00028076268079401886,-0.011734052035321654,5.924493472929851e-05,-0.011693992278029367,3.182688576690755e-05,-0.011744881406858648,8.22678947851641e-06,-0.01266204572415592,0
0.0005459987200425005,-0.011991413054636009,0.00027975057995554317,-0.011747416700600628,6.231777457005204e-05,-0.011612249304686932,3.172019918839918e-05,-0.011717994794002628,8.25797226211199e-06,-0.012645161593023275,0
0.0005471868949911818,-0.011992803887845202,0.00028057016229383517,-0.011714237696688256,6.106636864112949e-05,-0.011650744307835059,3.184849566657918e-05,-0.011727335154660332,8.224024121075904e-06,-0.012579589605775798,0
0.0005496548189997701,-0.01203205433027352,0.00028128696091327923,-0.011724758310718477,5.9764911207588176e-05,-0.011610152295797732,3.193395317615458e-05,-0.011690592724728876,8.297032660772077e-06,-0.012628843231514829,0
0.0005494662303714316,-0.01197404657925457,0.0002802051404249462,-0.011726934149010338,6.090367987348328e-05,-0.011582340862620872,3.157768051509035e-05,-0.011768097064425392,8.216115040222102e-06,-0.012613412166355479,0
0.0005475282844419732,-0.011934011378152577,0.0002812802213534927,-0.011765995198722583,5.729762303211622e-05,-0.011678623217759762,3.142237460412011e-05,-0.011749692281757103,8.181839946256242e-06,-0.012634458604345044,0
0.0005481699263140009,-0.011989557924724973,0.00028096227767334504,-0.011743916107096653,6.0877592637336835e-05,-0.011733158421665267,3.153810616829424e-05,-0.011700941876290954,8.205614691196002e-06,-0.01261668628577996,0
0.0005481918013759714,-0.011983751740085393,0.0002797019526312453,-0.01174658087489616,6.047507321015602e-05,-0.011674837290842729,3.176756740354217e-05,-0.011752447656359242,8.309794393424767e-06,-0.012554153434620855,0
0.0005514743196078596,-0.011972918630632899,0.00028081439851992886,-0.011710201660741082,5.89038569132813e-05,-0.011723707176321521,3.151796976796025e-05,-0.011805445724165137,8.27234472732014e-06,-0.012529795422803709,0
0.0005491540669027557,-0.011962234773604235,0.00028136400342740635,-0.011750902796362386,5.963375567571202e-05,-0.01155399658455311,3.1735789085590916e-05,-0.011721669190594254,8.243765990582309e-06,-0.01261290749693566,0
0.0005501914224071169,-0.011974734619987793,0.00028109842833669107,-0.011732271098263577,6.044574932041599e-05,-0.011491339894188131,3.185990477034958e-05,-0.011804332295388704,8.219707778176805e-06,-0.012663867918086455,0
0.0005487130330061156,-0.011989140418843547,0.0002799394080669179,-0.01176146337835118,6.152185718673268e-05,-0.01171234386901145,3.171937107088602e-05,-0.011738327910974549,8.240865337207034e-06,-0.012561662830249629,0
0.0005492611877327844,-0.011973259446780325,0.00028116751893719825,-0.011777201712287074,5.968265263015983e-05,-0.011750106034161238,3.1802733162061774e-05,-0.011759245657862441,8.254702367972649e-06,-0.012583943559723533,0
0.0005478016826392618,-0.012041224227375474,0.00028103777545679734,-0.011718963461835001,5.846418979275768e-05,-0.011661534035265073,3.193574873792931e-05,-0.011755224050868103,8.215857072947593e-06,-0.01255182567075691,0
0.0005486590219905597,-0.011962658825091491,0.0002811344213257367,-0.011716478573897073,5.938467536514745e-05,-0.011843177686739615,3.192300929160334e-05,-0.01180783261013964,8.195701846779132e-06,-0.012636045708123506,0
0.0005479805326584051,-0.011966533541238708,0.00028059167470797044,-0.011705064886219547,6.156074884043758e-05,-0.01178093404276728,3.166968016869172e-05,-0.011757662269414361,8.245357594051356e-06,-0.012504032627109442,0
0.0005497961785160878,-0.011932003985221557,0.00028103669435217507,-0.011723039587489947,5.735656639824979e-05,-0.012035609493506452,3.206604582404628e-05,-0.01170563574919737,8.21111348196977e-06,-0.01250558957334924,0
0.0005504921738035998,-0.01199077106611133,0.0002819920595756571,-0.011717084554655538,6.278380958090452e-05,-0.011627100307452693,3.169895946545738e-05,-0.011698905090628197,8.330174316036523e-06,-0.012605370887225707,0
0.0005497142219914131,-0.011938274257955905,0.0002814299564720307,-0.01173562366077647,6.303884616782357e-05,-0.011518815894477013,3.203320641106392e-05,-0.011690080945474352,8.270663476701538e-06,-0.012587961829236341,0
0.0005491434684230073,-0.01197241017410642,0.00028146576196894405,-0.011723014917544102,5.8591562177335895e-05,-0.011553698371459017,3.2107715384826237e-05,-0.01168297214186951,8.248541468358153e-06,-0.012572878792503779,0
0.0005485693490484708,-0.011978527416330173,0.00027976745743485924,-0.011717594447453074,5.98105417951984e-05,-0.011577364860977412,3.206488134298312e-05,-0.011753150947604705,8.254535714253344e-06,-0.01257965228894077,0
0.000545860974877919,-0.011968464795265215,0.0002801019183097511,-0.011753305991359032,6.11531582560812e-05,-0.01172054769440053,3.149846394889942e-05,-0.011712950752911325,8.225191368618412e-06,-0.012611547579235771,0
0.0005491800815795918,-0.012025452330673205,0.0002802773057384765,-0.011703225903988562,6.214100670485244e-05,-0.011365068574080248,3.181791953728599e-05,-0.011748055351064761,8.20102115392145e-06,-0.01257537516709665,0
0.0005505089373650618,-0.012008068373402396,0.0002811305560957729,-0.01173746703672792,5.646114415905779e-05,-0.011838989342417486,3.1775782210497e-05,-0.011723110357319128,8.21900633873604e-06,-0.01254951399924446,0
0.0005496211023144107,-0.012015645095659513,0.00028137392909831745,-0.011716487594301448,5.999529260135568e-05,-0.01162183123607942,3.1578718243213706e-05,-0.011720437165170858,8.259330687082875e-06,-0.012555923244020993,0
0.0005497920733385855,-0.01196446605602858,0.00028113224752092055,-0.0117447672386947,5.929281280728741e-05,-0.011620805447133927,3.165016341110717e-05,-0.011732026990586321,8.291783090798416e-06,-0.01262496726636362,0
0.0005484212513528852,-0.012011198291922277,0.00028155929976259584,-0.011761365698772572,5.965505732561085e-05,-0.011508005655934826,3.1997245881856866e-05,-0.011779611676857699,8.217218948609103e-06,-0.012571168099555287,0
0.0005513629196249227,-0.01199645868474465,0.000278798163101278,-0.011719055039678274,5.945870959835385e-05,-0.011638971118025854,3.1659787239207616e-05,-0.011788717354056595,8.303209696794507e-06,-0.012538629622967964,0
0.000549027028793885,-0.012002871253883897,0.00028250010972163015,-0.011737665548809586,5.9283005413993196e-05,-0.01165649120746293,3.176126681908952e-05,-0.01176621801440041,8.213806851106397e-06,-0.012594979672161895,0
0.000548891851133794,-0.012008885551670831,0.0002802954088924927,-0.011731100259024019,5.8964708752671725e-05,-0.011637911780962294,3.18396330096654e-05,-0.01171169664899267,8.243789382369751e-06,-0.01261032703082778,0
0.0005487821939486417,-0.011963856273288451,0.0002817422270464505,-0.011706674888158299,6.084614748230208e-05,-0.01170151570827061,3.178505363076366e-05,-0.011777193731351773,8.279250680621675e-06,-0.012641837037484966,0
0.0005499865860196623,-0.011975079471626968,0.000280816791605399,-0.011732651658262499,6.070000047861951e-05,-0.011574088497478107,3.1599223299433496e-05,-0.011779019185231214,8.226812916189735e-06,-0.012599384986649025,0
0.0005494641133646622,-0.012004996047174976,0.0002815091201720151,-0.0117338614631107,6.33381554740142e-05,-0.011532682704552504,3.192115390203612e-05,-0.011762334497468163,8.237158535491532e-06,-0.012566053493172753,0
0.000551192253675912,-0.011923560799380522,0.00028165813424611884,-0.011736960146286692,6.156455433934101e-05,-0.011730618156446741,3.172908457715922e-05,-0.011727116464789121,8.238362662526408e-06,-0.01260914509884639,0
0.000549835298513328,-0.012020180434277005,0.00028162870612112107,-0.011721669972386245,5.973396531167755e-05,-0.01166826278291807,3.179010867115171e-05,-0.011779824424996449,8.240063898992796e-06,-0.012618808138645778,0
0.0005499073583996127,-0.01199778836944428,0.0002793711081119983,-0.011728983814650831,5.845460014870803e-05,-0.011681867093827564,3.205856718599698e-05,-0.01176829694909234,8.222105147118892e-06,-0.012589613197215124,0
0.0005485159385677069,-0.011983865522174866,0.00028083918088110167,-0.011698005383279362,5.918508941709055e-05,-0.011802251091055297,3.190858857157186e-05,-0.011627492444470235,8.204183325548055e-06,-0.012589396703272571,0
0.0005508010197331791,-0.011990050910902416,0.0002813346315850007,-0.011717681452269875,6.0785683701310697e-05,-0.011515628825752798,3.1759924151889236e-05,-0.011777226825811685,8.219363724966062e-06,-0.012600993308655942,0
0.0005479879431342039,-0.011961052357203234,0.000280301810792668,-0.011740545180175532,6.2443394360524e-05,-0.011538152741104628,3.159664404675242e-05,-0.011674971503341361,8.201078396539192e-06,-0.012588436501259176,0
0.0005469594745150734,-0.011976804372064886,0.0002807271816887748,-0.011748984793868794,6.536960338845064e-05,-0.011830286635114597,3.164025364711817e-05,-0.01177799740646636,8.238632036248076e-06,-0.012600611694678621,0
0.0005521379096235646,-0.012010537892692586,0.00028017397197702566,-0.011716078951387267,5.828248147969243e-05,-0.011454115393997133,3.169998481101568e-05,-0.011745116696890876,8.179675959633877e-06,-0.012552348543445948,0
0.0005485011632530395,-0.01201515216373125,0.0002821674601692039,-0.011729246994297414,6.122358292471995e-05,-0.01147721941218452,3.191054258738158e-05,-0.011799411623637323,8.216716374226458e-06,-0.012547492636052237,0
0.0005481386401515372,-0.012047881102561078,0.00028049832070536066,-0.011732332955408842,6.0974797824612876e-05,-0.011768315448991394,3.152268734177861e-05,-0.011747359286612719,8.256512722993413e-06,-0.012559375154075668,0
0.0005500449739872621,-0.011983210191426823,0.00028013300873249634,-0.011731667948548482,5.997062192756561e-05,-0.011687541021267494,3.175665028271637e-05,-0.011715813453782609,8.276296258307483e-06,-0.012615563530898112,0
0.0005496956475646673,-0.01196965029096257,0.0002820391665381957,-0.011740164528330455,6.270735515594401e-05,-0.011669168352766584,3.193924309700764e-05,-0.01174538613989002,8.229715021494074e-06,-0.012600942445251832,0
0.0005493115962531643,-0.011972994780485352,0.00028038561635695215,-0.011681347630369415,6.0801588787346504e-05,-0.011642068993230665,3.181593112450578e-05,-0.011793998493495725,8.28396707492884e-06,-0.012630777867803955,0
0.0005495510798562215,-0.011961327510982212,0.00027941660240988255,-0.01172539522575699,5.691348331664672e-05,-0.011658973382320095,3.165576382805871e-05,-0.011752352340502405,8.27195465772392e-06,-0.012583996696181399,0
0.0005495673841548597,-0.011983118934584825,0.0002807468711371134,-0.011732607761587133,5.934081115140878e-05,-0.011642006829164185,3.178753617699758e-05,-0.011746710463653273,8.228528777144507e-06,-0.012547749322908548,0
0.0005515607216725721,-0.011993823311966887,0.0002800951287197709,-0.011701670937257979,5.958544687357476e-05,-0.01184423031459705,3.165714960521705e-05,-0.011781224128799976,8.258816045797342e-06,-0.012634771289645722,0
0.0005474523333937629,-0.011984131700482015,0.00028021245867777627,-0.011768631796848592,6.303848653227587e-05,-0.011600134676171575,3.1625159492913576e-05,-0.011759749417755844,8.270512553147296e-06,-0.012590378927175383,0
0.0005475571884538334,-0.012010446046054292,0.0002812889874887426,-0.011730669065902246,5.657789658437009e-05,-0.011632503969177864,3.1729137239544436e-05,-0.01175106064335988,8.238286865316088e-06,-0.012640092705493747,0
