Amp_1MHz,Phase_1MHz,Amp_500kHz,Phase_500kHz,Amp_100kHz,Phase_100kHz,Amp_50kHz,Phase_50kHz,Amp_10kHz,Phase_10kHz,Label
1826.379159,-83.4585295,3578.605538,-85.82493183,17848.77353,-85.55503267,30923.77481,-84.67948696,121151.8394,-79.34971646,1
1822.43039,-83.70776486,3588.429488,-85.42117581,17537.2992,-87.16496869,31855.09213,-88.80243961,121616.4272,-78.98049875,1
1824.105505,-83.82318648,3532.988697,-85.37238973,16429.97769,-87.91634482,31066.25861,-83.51989834,121313.6036,-79.64677266,1
1827.759715,-83.85820681,3519.955468,-84.63428262,15756.76588,-87.76094197,31640.11028,-85.15734413,121513.8072,-79.96238363,1
1826.67883,-83.47333429,3546.7539,-85.46653117,18538.43959,-85.56268731,31423.10366,-87.92085366,121650.4594,-79.73759426,1
1818.44242,-83.78905576,3563.871956,-85.58140219,16059.09042,-86.30318372,31087.21852,-85.71476234,121602.5547,-79.53147397,1
1824.022559,-83.66937426,3570.484103,-85.37155422,15808.2177,-86.86990085,30910.3984,-84.27226276,121405.5444,-79.62143878,1
1820.833637,-83.68507886,3581.732956,-85.750814,15769.27993,-85.05915497,31335.35839,-87.54426672,122004.1516,-78.90006468,1
1820.973008,-83.58966488,3566.093145,-85.30243294,17949.39607,-85.60164475,32198.71017,-85.17299667,120987.4555,-79.47324097,1
1822.46062,-83.92020941,3595.959786,-85.52737977,16329.57016,-87.0959816,31418.77508,-86.75024851,121818.2922,-79.24438798,1
1821.688886,-83.5473147,3555.712539,-86.10255047,16097.11646,-87.62314247,31882.99308,-86.00453631,120932.2042,-79.44429148,1
1825.482283,-83.48851084,3541.572194,-85.40379061,16979.58724,-85.5836755,31509.43348,-85.13802819,121699.2694,-79.59662395,1
1823.475216,-83.56492477,3525.841323,-85.50821963,16638.40275,-86.83830273,31867.46628,-84.90499807,121264.557,-79.41104553,1
1821.624124,-83.6349934,3542.065904,-86.03846939,16171.96856,-86.08519387,30830.81752,-85.8777809,121869.0126,-78.75143468,1
1822.556928,-83.56334934,3565.229707,-85.40723759,17589.71926,-84.3382824,31376.71186,-84.77214061,121597.861,-79.72822466,1
1822.237908,-83.51041796,3542.071046,-84.77955416,17897.9267,-85.60843287,31895.3333,-83.96145764,121653.0788,-79.12415011,1
1825.597528,-84.06696145,3579.455061,-85.16993912,17818.72956,-87.22229556,31468.70887,-85.59253286,121219.5706,-79.82978353,1
1820.677872,-83.23722685,3589.194665,-85.13339354,17602.51804,-86.01251145,31498.15596,-83.04905077,121344.1146,-79.60688462,1
1822.178247,-83.511989,3511.744083,-85.92114787,17241.87075,-87.32918265,31366.25441,-83.00347964,121639.2142,-79.42458868,1
1818.799058,-83.69492206,3577.966424,-85.18784641,15085.16572,-84.30017308,31972.00874,-85.81526689,121768.0877,-79.29755408,1
1813.880395,-83.64904319,3514.406028,-85.32029946,18495.81618,-86.86668129,31645.38041,-86.12625525,122571.2601,-78.84231426,1
1823.164215,-83.49380128,3568.493704,-85.16681722,17142.24187,-85.95738784,31548.18462,-87.65240876,121644.5701,-79.44570885,1
1823.774577,-83.60081398,3585.355693,-85.20973169,17445.34413,-85.83857488,31777.86996,-85.36599634,121902.4793,-79.75800338,1
1819.123122,-83.93677507,3561.599526,-85.92852123,17947.07653,-86.01417987,31756.84679,-85.71821908,121035.1205,-79.17017513,1
1827.843276,-83.21817367,3534.064316,-85.39686014,18262.27939,-88.5188328,31612.81696,-84.01934107,121112.8659,-79.56931771,1
1817.061148,-83.59983776,3548.282163,-85.68578994,17257.48533,-87.9131557,32124.47943,-87.42265076,121446.5262,-79.33206582,1
1821.404329,-83.40142579,3554.913036,-85.40036184,17274.46182,-86.7375003,31508.18939,-85.59026833,121158.2253,-79.47173813,1
1820.729911,-83.70187811,3556.539098,-85.74205802,16250.05019,-85.82473854,31637.92915,-83.73726784,122077.2411,-80.19084539,1
1825.709574,-83.31084481,3556.11616,-84.85088655,16876.03429,-86.36546727,31284.77969,-86.26382709,121427.7872,-79.22595794,1
1825.525958,-83.53019447,3558.021014,-85.726561,15997.66531,-87.33450763,31588.86356,-86.31141761,122041.5543,-79.19641464,1
1821.720455,-83.47360374,3564.643226,-85.74267955,16130.54239,-87.79725811,32140.09643,-87.3293844,122077.3724,-79.06133397,1
1822.36671,-83.76385651,3535.520705,-85.35008615,15958.64672,-86.67742938,31284.66273,-81.28100198,121582.9063,-78.71742756,1
1818.701518,-83.36791487,3555.314953,-85.81452462,16688.81381,-86.75657173,31096.65481,-86.28927866,121740.0873,-79.89633138,1
1815.537018,-83.45939477,3591.364098,-85.55141783,17881.86679,-85.59600515,31913.49016,-87.11140027,121549.0473,-79.22272758,1
1820.264568,-83.35199912,3552.394095,-85.71486308,19982.5068,-86.58844655,31474.26427,-86.37311144,121752.6329,-79.26492099,1
1821.724513,-83.69065432,3551.181917,-84.81108326,17030.8784,-85.48971738,31568.11591,-86.32916275,121733.7668,-79.59092837,1
1824.833804,-83.66484889,3582.351942,-85.06327457,15508.3613,-86.90579331,31514.0076,-85.57836996,121525.9163,-79.26971787,1
1824.752996,-83.17616077,3507.861273,-85.40334015,18095.59572,-86.50523311,31561.64271,-83.95046185,121741.1729,-79.22936302,1
1820.150454,-83.76644695,3584.465013,-85.53793001,16545.50298,-86.61414346,31857.42198,-85.62139383,122158.4981,-79.9056113,1
1820.396617,-83.60429642,3547.330442,-85.00072207,16189.28037,-87.12780038,31209.56213,-86.55002383,121812.4136,-79.32909799,1
1818.236063,-83.38094458,3563.628451,-85.21675846,17051.02452,-85.46321262,31143.36344,-87.33592446,121679.82,-79.78727115,1
1817.160592,-83.56329234,3562.243909,-85.17931566,15615.07075,-87.16473394,31563.88438,-85.14528626,121610.9818,-79.68253667,1
1816.33183,-83.47814682,3579.572317,-85.390727,17063.51194,-86.81944881,30915.3524,-85.11453261,121221.4903,-80.12444885,1
1826.919762,-83.65053397,3554.791199,-86.06097449,16755.78497,-86.28899649,31004.83903,-82.90129589,121216.4827,-79.61228982,1
1819.796296,-83.51550507,3546.3859,-85.42551849,16940.66886,-87.73688924,32247.04261,-85.04031857,121678.9835,-79.50611399,1
1820.00353,-83.80970348,3586.850167,-85.59490091,17220.87379,-86.58681032,31821.73933,-85.32501318,121099.3403,-79.20960293,1
1817.644737,-83.28948009,3511.854939,-85.12003403,16910.0924,-87.04375929,31527.44935,-86.74010747,121305.8458,-79.42564468,1
1823.52285,-83.60117548,3560.687753,-84.97212032,16859.45032,-86.66157767,32005.99097,-85.63273873,122007.0819,-80.03296563,1
1816.599268,-83.69979493,3532.666892,-85.64549543,17124.74412,-86.27339516,31132.31109,-85.82979841,122223.742,-79.08670088,1
1820.65592,-83.46350704,3544.674912,-85.19127949,17254.51796,-87.14855224,31410.29441,-85.72822119,120997.7883,-79.47266856,1
1818.679281,-83.66128546,3601.460251,-84.68013918,15822.11922,-86.46279676,31770.35443,-86.60419823,122125.2667,-79.23380083,1
1822.392014,-83.81456969,3559.358047,-85.64943201,15427.59979,-84.65480001,31872.81314,-84.37729345,121495.8551,-79.04585513,1
1819.792958,-83.81675594,3564.266196,-84.70189845,16782.25478,-86.23303137,31727.97161,-85.38960404,121563.1192,-78.8661334,1
1817.853665,-83.45870077,3523.786345,-85.72398551,15424.88303,-84.84805569,30556.92487,-85.47571317,121529.4221,-78.65415887,1
1821.190255,-83.60844179,3545.341074,-85.37090555,16929.93101,-85.79273247,31160.11613,-87.72656997,121938.2652,-79.45442838,1
1822.511961,-83.60390192,3564.296663,-85.38465917,17772.62513,-85.28694552,31714.22622,-84.44374069,121017.7448,-79.30355596,1
1821.46443,-83.3913235,3567.536479,-85.37552736,17444.30983,-87.11844784,31394.82374,-84.45359764,121724.4602,-79.85038735,1
1822.14757,-83.77817044,3572.904668,-85.71797367,15805.59833,-86.07844994,32505.2995,-86.42557121,121244.7079,-79.00820659,1
1819.43535,-83.70865634,3560.448018,-85.61857002,15991.62519,-86.04414576,31886.57305,-83.70548031,121763.711,-79.89231075,1
1820.221635,-83.64797744,3571.063949,-85.64943506,17168.29055,-86.92705291,31745.28912,-87.20717984,122096.5531,-80.13645481,1
1819.324931,-83.56388429,3569.564415,-85.24831079,16445.99527,-87.17565272,31103.03629,-85.21030859,121568.1144,-79.09920082,1
1820.230865,-83.58784067,3522.799707,-85.24707174,16529.79045,-87.96500896,31517.77154,-85.58107267,121696.3783,-79.63131227,1
1818.917616,-83.63078218,3561.029173,-84.48251127,17434.20681,-84.43308425,31623.78947,-87.13642339,121708.4991,-79.11997186,1
1816.27389,-83.59125453,3575.997351,-84.82728782,15865.87256,-87.35254972,31963.72834,-84.89570083,121294.4546,-79.26540126,1
1821.785535,-83.59927003,3572.351591,-85.58576822,16446.05773,-84.61038809,31869.15502,-82.64607095,122085.884,-80.06748564,1
1820.108607,-83.70671324,3552.819788,-85.24915482,16051.20272,-86.75540932,31927.38156,-85.07721618,122152.5988,-80.4963274,1
1816.552075,-83.72310061,3543.77274,-84.97805823,15810.58878,-87.2225632,31177.05216,-85.86630017,121808.5672,-79.85756596,1
1822.611703,-83.53226987,3537.369193,-85.36782375,15994.77758,-85.46628698,32072.76283,-84.5130644,121593.3523,-79.41950863,1
1818.645025,-83.73677399,3557.587444,-85.40824875,17513.95607,-86.94901056,31002.0104,-85.02058275,121410.0922,-79.90682836,1
1821.422242,-83.78352759,3583.475894,-85.35936595,16894.57742,-85.53022226,31325.82099,-85.13650588,121353.7299,-79.68289281,1
1823.382722,-83.63524013,3520.29994,-85.03041916,15972.9162,-86.59612597,31696.4747,-85.8105682,122154.0946,-80.0001643,1
1821.645282,-83.60810726,3546.757271,-85.72226544,16614.48768,-85.63433772,31473.83274,-83.06331434,122052.5918,-79.35914345,1
1824.570658,-83.184442,3536.929084,-85.51149674,15220.87414,-87.34756262,31145.56325,-84.49917703,121546.4579,-79.39025434,1
1817.696763,-83.70409794,3576.346626,-85.19045363,16117.30398,-85.21930822,31216.30062,-85.96391991,121027.2458,-79.61545069,1
1822.436714,-83.41492193,3548.919508,-85.25456771,18971.33152,-85.62541073,30937.66226,-85.3383895,120598.4989,-78.87618444,1
1819.289177,-83.44932774,3550.633043,-85.28354832,16753.93535,-87.2901614,31735.27889,-86.27945485,121197.2624,-78.83657379,1
1818.750704,-83.7890708,3555.828372,-85.52929366,17567.61028,-83.07680559,32014.64182,-86.08231537,121523.5293,-79.2035382,1
1819.595955,-83.44475404,3569.392622,-84.98797145,16778.443,-85.5637342,31492.81166,-86.13054549,122047.8916,-80.13429796,1
1820.369837,-83.78818214,3552.235513,-84.51964266,17187.9596,-83.49365887,31377.8006,-86.86450632,121345.1124,-79.86074914,1
1821.434459,-84.04705898,3497.888755,-85.21626993,17499.89419,-84.30993522,30966.77643,-84.02197938,121741.12,-79.26577289,1
1817.89849,-83.4740467,3571.397918,-85.45806658,15749.71721,-86.42584904,31881.45185,-85.61056595,122014.5022,-79.67336739,1
1823.879935,-83.8885556,3569.262573,-85.07539825,16812.64923,-86.69010073,32379.17979,-84.35380191,121612.2717,-79.61769345,1
1822.620041,-83.50131289,3555.775301,-85.59757971,18406.3354,-86.67967839,30842.1116,-86.17426347,121519.4793,-79.07221064,1
1816.824094,-83.70046747,3538.071123,-85.682491,16055.73878,-88.36683587,31123.55602,-85.26754696,121120.1009,-79.2249443,1
1825.580658,-83.2892309,3567.4755,-85.36693377,16282.50641,-87.02546196,31270.73073,-86.23510351,121156.4969,-78.90881398,1
1826.760855,-83.39294391,3568.037765,-86.42172502,16538.66473,-85.91067805,31314.93037,-84.1076435,121710.7412,-79.59491397,1
1824.684669,-83.65999853,3550.645428,-85.84551633,17109.60674,-84.39781956,31618.47593,-85.54718692,121499.4611,-78.88477952,1
1820.750928,-83.70113897,3555.832838,-85.52048655,17362.93885,-87.11645258,32150.25267,-86.26459511,121610.2154,-79.64407694,1
1818.17179,-83.79348091,3541.222465,-85.92594359,18097.99973,-85.15934042,31918.02904,-87.61899629,121552.0681,-78.83587466,1
1824.324713,-83.65781155,3556.613964,-85.79659693,17337.77368,-87.68392191,31733.60053,-84.76787269,121795.6784,-79.38434767,1
1820.104565,-83.62963603,3528.519774,-85.55629135,16781.84386,-86.895942,31253.73123,-86.23115472,121299.5589,-79.76465206,1
1824.81109,-83.64443525,3568.81768,-86.04272065,18089.83774,-86.74375699,31102.00921,-85.20125175,121453.3453,-80.06796453,1
1821.874849,-83.55294302,3540.931415,-85.54392046,17540.33815,-85.7627913,31225.79985,-85.90898942,122217.5621,-79.54464314,1
1824.099428,-83.47892455,3565.147487,-85.59602209,15362.56912,-85.66167491,32124.87639,-83.75891081,121294.3887,-79.52683911,1
1822.303606,-83.51908501,3531.478331,-85.36991938,19344.35325,-85.06438977,31507.63121,-84.36864634,121471.8382,-79.0884664,1
1823.31753,-83.71452882,3548.187417,-84.91471844,18595.47898,-85.29087629,31359.97604,-84.51278495,121366.4352,-79.46952169,1
1821.302249,-83.83273715,3558.008591,-85.3105989,16676.74552,-85.91493306,31460.84831,-86.09395851,121720.5627,-79.59618225,1
1826.442327,-83.34099936,3526.261523,-85.37167085,17217.40274,-85.74084825,31847.48644,-84.48441608,121918.3525,-79.00213125,1
1821.639286,-83.70142176,3562.629461,-85.34005765,18154.37675,-84.32381634,31027.92283,-82.6278382,121397.656,-79.51447924,1
1822.435694,-83.69490188,3552.506687,-85.28846416,16672.79885,-86.80677613,32073.80669,-86.41524644,121420.5292,-79.65277855,1
1826.723974,-83.67189635,3524.589266,-85.79018317,17566.31623,-85.2862741,31591.30255,-84.92152027,121472.7264,-79.19986177,1
1817.369797,-83.90385334,3533.581957,-85.42644977,17936.79663,-88.34095364,31448.35308,-87.63016921,,,1
1817.593522,-83.66431314,3572.6637,-85.25565485,15838.60903,-85.71604853,31701.10458,-83.0981301,,,1
1824.07846,-83.66460826,3578.611594,-85.93294882,16246.97372,-86.77404387,31615.04468,-85.76948229,,,1
1817.875405,-83.47158324,3557.569942,-85.03107395,17755.46022,-86.1994794,31399.33095,-84.01409545,,,1
1826.899049,-83.45787884,3568.560523,-84.94407961,17299.47718,-84.97244386,31434.4091,-87.74022377,,,1
1820.074333,-83.57977894,3564.855462,-85.63477855,17757.82448,-86.00780134,,,,,1
1819.107807,-83.41692451,3567.02174,-85.47748843,16712.03488,-85.15563755,,,,,1
1826.839179,-83.52078527,3586.607248,-85.734311,16557.16373,-84.45954623,,,,,1
1825.558257,-83.58319246,3529.409205,-85.09812638,14864.64415,-85.74235139,,,,,1
1826.678833,-83.55220176,3574.124699,-85.80812202,15708.74766,-84.81756783,,,,,1
1823.895042,-83.61389557,,,16889.87072,-86.58873336,,,,,1
1818.778416,-83.64972687,,,17659.57859,-86.21222981,,,,,1
1830.288216,-83.48143235,3559.079189,-85.2667394,16864.0194,-86.33200034,31368.13584,-85.01014045,121963.4897,-79.26060731,0
1819.81036,-83.62054312,3558.356711,-85.60222509,16551.82433,-84.74585908,31517.26843,-84.83224837,121436.2225,-79.18028025,0
1824.959934,-83.39278996,3549.922065,-85.03483051,16483.87188,-85.38299776,31743.15134,-85.10565754,120556.8305,-79.5954692,0
1825.65649,-83.59873117,3563.891803,-85.45138557,16715.36027,-86.3164135,31243.78894,-85.13133111,120894.3167,-79.4625953,0
1820.353928,-83.30204309,3578.635268,-85.26511388,16649.56723,-85.6458245,31514.07161,-85.13845832,121021.4687,-79.26924998,0
1824.053724,-83.47847721,3561.518422,-85.31464405,17277.50515,-84.74728678,31487.97096,-85.45385903,120995.7474,-79.56727058,0
1825.536007,-83.43013508,3562.061023,-85.41456911,16681.86976,-85.84230623,31628.91743,-85.08589435,120618.5995,-79.47546845,0
1822.910462,-83.35828302,3555.263011,-85.43741725,15911.25997,-86.76390795,31603.7734,-84.94792832,120942.3541,-78.95925366,0
1815.810825,-83.33411181,3560.910474,-85.1057506,16010.06085,-85.66888021,31430.23413,-85.07703602,121042.4691,-78.95302739,0
1822.534332,-83.69211547,3566.69487,-85.37157413,17331.57839,-87.80907814,31209.5102,-85.1761304,121028.3227,-79.12378227,0
1827.480359,-83.47159589,3558.405321,-85.22670041,16058.06643,-85.02366426,31576.60741,-85.23934403,121996.1297,-79.19607284,0
1817.758321,-83.29580977,3557.577152,-85.42172949,16974.48167,-86.22937933,31334.6706,-85.17817132,121457.7606,-79.66572793,0
1820.379788,-83.71272995,3566.071457,-85.39367232,16485.48102,-86.27799213,31318.23241,-84.73134486,120879.9497,-79.29826924,0
1819.006265,-83.37551365,3552.976514,-85.1901412,16532.1689,-84.91533612,31626.97469,-85.70357476,121226.5229,-79.50737171,0
1829.995724,-83.80287347,3564.577214,-85.10683969,16549.0354,-87.18559992,31323.52133,-85.0853292,120939.7785,-79.67516038,0
1824.333776,-83.60348257,3570.204862,-85.30787925,17190.78987,-83.82987387,31664.47813,-85.1922584,121244.7372,-79.54332785,0
1823.059766,-83.4318919,3575.553038,-85.53453292,16521.24027,-86.28906688,31507.24008,-84.67376662,121863.2922,-79.39347882,0
1817.39585,-83.70603689,3561.178985,-84.91274142,16596.7644,-86.33264015,31504.77521,-85.0808463,121535.3449,-79.55252737,0
1823.693744,-83.59750013,3575.628844,-85.43173895,15887.79752,-84.76789738,31503.0284,-84.66530195,122605.2809,-79.5533535,0
1817.855665,-83.67614095,3572.326664,-85.55629051,16710.39431,-85.08452796,31216.30277,-85.71440501,121600.4129,-79.23122643,0
1821.252747,-83.17162784,3552.201405,-84.80429332,16863.95508,-83.31912743,31195.97162,-84.96337428,120921.8681,-79.38665616,0
1818.040809,-83.41158227,3550.003906,-85.34946368,16725.7598,-86.01650044,31489.51334,-85.0155638,121828.6849,-79.36522208,0
1824.353685,-83.34640526,3559.052292,-85.54177157,17274.35714,-85.9245096,31541.45263,-84.69274213,121970.8588,-79.39438863,0
1823.873381,-83.4741462,3572.272407,-85.4002647,16638.65929,-87.30125097,31469.92239,-85.5741275,121978.3497,-79.583316,0
1820.097576,-83.49529013,3561.358322,-85.20917785,16754.08652,-86.13898318,31336.68333,-85.14204798,120826.8122,-79.75000443,0
1823.004659,-83.69952975,3556.121704,-85.24140188,17393.00453,-86.53342109,31460.5369,-85.07777411,121324.9138,-79.34672537,0
1815.84132,-83.48533004,3577.458848,-85.43086258,15878.70244,-86.25717882,31445.65952,-85.24110875,121998.1584,-79.54285547,0
1813.925751,-83.56127534,3564.918226,-84.94460166,16396.73371,-87.56959848,31316.69721,-84.7433122,120516.0981,-79.90358113,0
1823.213368,-83.2994085,3539.075616,-85.37083579,17287.73769,-84.12012438,31607.17207,-85.19543502,121139.8079,-79.51539601,0
1821.901425,-83.25361736,3565.218091,-85.49139988,17055.73874,-87.23771554,31202.76698,-84.50546125,120651.7475,-79.68323155,0
1824.154516,-83.20098629,3567.228811,-85.10133338,16933.71039,-88.64149712,31544.50825,-84.79052274,120911.8831,-79.25362957,0
1832.564022,-83.30027717,3564.310731,-85.03435756,17006.74807,-87.00654225,31514.38412,-84.82056548,120869.8467,-79.29609517,0
1825.643153,-83.53494366,3566.531793,-85.42463787,16767.38482,-86.41428627,31606.54425,-84.93438683,122060.6487,-79.30202802,0
1816.708383,-83.61858417,3561.407989,-85.53079248,17385.0003,-86.96716182,31309.60105,-85.40620051,121279.1868,-79.58075846,0
1826.473161,-83.31416577,3549.008285,-85.08865258,16791.38482,-84.68980713,31472.69227,-85.22230034,120948.3037,-79.24573704,0
1814.769294,-83.38052449,3558.400747,-85.64824194,16726.10139,-85.9421709,31777.70134,-84.93047615,120857.6659,-79.344546,0
1818.879115,-83.72411922,3552.702864,-85.49902439,16687.79622,-85.77680423,31555.31477,-84.90000855,121477.1455,-79.51954297,0
1820.771338,-83.38065564,3552.830466,-85.10010562,16703.84829,-85.18412144,31472.57056,-84.71697248,121396.7408,-79.52997385,0
1829.34186,-83.30642713,3549.55663,-85.28606778,16064.76236,-85.51275728,31537.20174,-85.23286594,122109.8506,-79.20707803,0
1817.516891,-83.4286101,3566.559316,-85.32399204,16977.40544,-84.81111459,31470.44786,-85.34702964,121665.7085,-79.53483551,0
1817.123942,-83.46806264,3563.044987,-85.2118557,16550.78383,-86.92655941,31780.6093,-84.84723177,120649.1902,-79.34838255,0
1820.626005,-83.56873901,3557.633036,-85.30378073,17475.10404,-86.35722575,31602.70162,-85.33234121,121071.6315,-79.17319459,0
1817.907881,-83.67204977,3555.639239,-85.51212704,16576.72318,-85.12781678,31445.13183,-84.84310152,121965.6712,-78.96320291,0
1826.519438,-83.30872688,3561.842606,-85.04399159,16811.81802,-88.37033662,31494.93317,-84.74820813,121075.7874,-79.02208731,0
1815.904484,-83.48812383,3572.770521,-85.0350937,16729.29004,-87.19575303,31400.15865,-84.96437194,122315.3301,-79.20513146,0
1815.579588,-83.47589124,3542.211206,-85.2386708,16316.37617,-85.29495654,31636.03755,-85.20092844,120824.6819,-79.78247029,0
1818.993437,-83.15794986,3565.809928,-85.26779762,17082.25494,-86.28907396,31250.53835,-85.08503537,121703.9088,-79.58651733,0
1818.703778,-83.32745174,3556.666263,-84.85062024,17514.46977,-84.85413151,31221.26677,-84.92445431,120949.4298,-79.55270287,0
1830.381865,-83.37817457,3543.396844,-85.32626393,16605.54293,-84.98272434,31672.71139,-85.09401721,121134.4521,-79.02465966,0
1825.666923,-83.41516661,3542.791118,-85.32319925,16470.28077,-87.01633758,31775.04212,-84.45792106,121980.6727,-79.58898083,0
1821.520798,-83.19234866,3553.028261,-85.20973487,16444.45472,-85.39052958,31526.76002,-85.38497183,121335.7378,-79.32858968,0
1815.20452,-83.16007335,3564.250283,-85.00849244,15716.62181,-84.58505604,31474.36203,-85.38845961,121830.6379,-79.39702864,0
1825.16153,-83.2878335,3565.97035,-84.98641099,16528.35543,-85.65315387,31554.60645,-85.3809672,121651.6453,-79.64554788,0
1816.287968,-83.34399031,3552.768615,-85.32301664,16731.37124,-86.79281443,31362.39565,-85.26837241,121799.2836,-79.32963135,0
1813.668318,-83.77684533,3572.154324,-85.2199439,17111.90219,-84.91159338,31482.98369,-85.73040588,120935.2369,-79.32567995,0
1826.81478,-83.41813225,3576.17777,-85.52656272,17067.06273,-85.15876019,31463.48221,-85.28002113,121286.0082,-79.72246637,0
1822.624312,-83.45917751,3566.000317,-85.3327263,16415.35228,-85.25279186,31550.08185,-85.28689175,121625.8416,-79.12787545,0
1825.529523,-83.42294598,3556.213428,-85.42878281,16481.48034,-85.07718928,31228.15459,-85.07415373,120955.8193,-79.92174707,0
1822.632899,-83.28564386,3573.218735,-85.45906285,17144.63923,-88.83643205,31383.02946,-84.97552121,122260.0413,-79.56293875,0
1825.221507,-83.8811567,3569.561387,-84.97026456,16530.41453,-84.91002545,31582.2709,-85.45751608,120993.624,-79.18806425,0
1817.967787,-83.53019894,3570.671522,-85.42005491,16371.07135,-83.97066427,31358.18982,-84.83532736,121244.7389,-79.70746948,0
1816.124275,-83.39449389,3555.568616,-85.37265873,17271.81107,-85.36015477,31311.36213,-84.57305622,120872.9503,-79.33720166,0
1824.378513,-83.51362965,3533.981817,-85.20948623,17103.77218,-85.6072649,31758.67763,-85.15752785,120274.7944,-79.73220221,0
1817.234725,-83.6672587,3583.054014,-85.04003708,16621.4358,-85.09694539,31463.36569,-84.6392996,122348.1367,-79.44354019,0
1817.782461,-83.29762335,3546.109525,-85.18852885,16331.42185,-85.45985918,31372.4364,-85.03913083,121295.0775,-79.97626402,0
1818.908229,-83.39336721,3561.720257,-84.77430615,15660.03717,-85.14218881,31208.35292,-84.51884262,121166.9081,-79.62334522,0
1821.183708,-83.59517059,3585.670034,-85.28957966,16891.72751,-85.80103265,31565.22829,-84.7721776,121298.0368,-79.79134845,0
1819.396693,-83.38723128,3565.351057,-85.22896471,16188.16298,-86.57928874,31560.77638,-85.5516141,122149.731,-79.51760211,0
1814.485256,-83.30528455,3571.482619,-85.22589487,15683.30587,-86.8200247,31413.72185,-85.09156312,120894.7625,-79.52083279,0
1818.00342,-83.43728279,3547.184676,-85.01508741,17362.85431,-86.81381326,31295.31872,-84.79047998,121760.1881,-79.58282688,0
1810.403678,-83.30868372,3544.456504,-85.1837791,16919.31203,-87.19358299,31454.13073,-85.08809814,121179.6035,-79.2298179,0
1824.107372,-83.42548362,3556.795196,-85.29713628,16073.28855,-86.8842762,31334.57284,-85.10770045,121088.6329,-79.63397401,0
1813.392734,-83.50204893,3572.885041,-85.44827326,16037.5945,-84.01814494,31318.91718,-84.72785043,121700.9857,-79.26904542,0
1815.786855,-83.62562212,3558.643113,-85.23155978,17024.886,-85.03853181,31442.53854,-85.30333681,121922.6113,-79.03038668,0
1821.350569,-83.45203403,3554.199204,-85.02121547,16196.87383,-86.43575214,31302.8107,-85.09188631,121132.1853,-79.38786574,0
1817.541867,-83.4067206,3564.03678,-85.35061813,17226.18646,-86.1980385,31494.09578,-85.00289837,120998.0329,-79.62696712,0
1828.522477,-83.29651256,3572.797681,-85.17983282,16904.39469,-85.6884884,31547.34503,-85.19401311,120787.4237,-79.72092238,0
1814.880181,-83.45675203,3547.754119,-85.2312499,16866.58456,-86.46667025,31334.01633,-85.10282984,121983.2627,-79.59149174,0
1822.384302,-83.36417249,3550.077202,-85.11900122,16804.1375,-85.73412012,31256.11753,-84.87167457,121099.9014,-79.25219206,0
1820.910648,-83.59412072,3554.258343,-85.42232164,16703.17928,-85.01471485,31687.82582,-84.97114986,120429.5901,-79.38390127,0
1815.48037,-83.56469327,3572.923581,-84.84934348,17029.40706,-85.83873471,31319.18588,-85.33207695,122144.5154,-79.19650222,0
1823.616907,-83.45598908,3564.402038,-85.50857695,16397.55985,-85.4620979,31360.49624,-85.41795327,120681.782,-79.23643447,0
1820.274378,-83.60867678,3583.206269,-85.34246714,16653.23202,-84.90439859,31489.13964,-85.32637465,121812.7515,-79.38744678,0
1824.812412,-83.30550089,3571.355752,-85.1054426,16968.5396,-86.0782257,31546.07429,-85.09661527,121499.1203,-79.30764249,0
1825.061187,-83.36324839,3561.726926,-85.22205262,16879.08012,-85.51399524,31419.97641,-85.1434736,121554.1011,-78.97617982,0
1831.506125,-83.3930076,3574.612786,-85.12509818,16046.78612,-86.11596029,31525.65323,-85.33883293,121095.1028,-79.08163076,0
1827.529148,-83.38333632,3564.170872,-85.36620358,16375.62577,-85.83142618,31398.65727,-85.27086391,121594.9741,-79.49384927,0
1819.323629,-83.11132684,3555.088358,-85.28960457,16732.22598,-86.13151443,31314.63225,-85.53886219,120525.0167,-79.1838161,0
1819.94806,-83.51395607,3568.8139,-85.27377977,16419.36911,-86.3383328,31667.93709,-84.97550577,121712.0251,-79.28068843,0
1826.389665,-83.79412155,3555.173539,-84.99068571,17452.73097,-85.6265316,31824.4567,-85.10861187,122221.8971,-79.14862293,0
1824.251846,-83.4059109,3559.196659,-85.15047203,16426.40513,-85.22854325,31707.67435,-85.46320549,121867.7744,-79.26011453,0
1824.179051,-83.44632146,3575.234247,-85.13115524,16535.73856,-85.65429865,31478.64573,-85.08865806,120339.9209,-79.65491303,0
1813.321064,-83.52182378,3561.070961,-85.39562588,16976.81701,-85.29725154,31727.93195,-84.70667041,120884.7108,-79.80976275,0
1820.982599,-83.59641981,3554.114911,-85.09984444,16769.02601,-86.5501381,31510.16656,-85.31208173,121303.7829,-79.28386062,0
1817.549237,-83.50915755,3557.472754,-85.23498917,16543.7605,-87.02205393,31387.41334,-84.71466026,121658.8262,-78.964816,0
1822.446233,-83.4088154,3572.201595,-85.02343355,16254.38577,-85.38000687,31526.47629,-85.19100911,121346.4799,-79.60729511,0
1820.627458,-83.51944635,3556.598585,-84.90981342,16755.28744,-85.10561497,31443.83833,-85.03946844,121143.0716,-79.46634497,0
1825.478146,-83.04803408,3558.240519,-85.33177898,17104.48744,-85.75201144,31312.87161,-85.06856149,121715.8467,-79.66968521,0
1822.625638,-83.59345649,3557.017299,-85.34987656,16839.36123,-84.43679783,31325.36757,-84.68954744,122015.1756,-79.13868176,0
1824.882346,-83.56638926,3563.897614,-85.4331018,16244.11689,-84.88291305,31575.9425,-85.05092059,121280.3676,-79.97419951,0
1818.855858,-83.80821874,3558.254207,-85.30210894,17434.7954,-83.08677683,31185.63497,-85.42893538,121786.1624,-79.96424272,0
1816.556252,-83.39747248,3546.199143,-85.34546246,15927.67318,-86.00596654,31546.77683,-85.47808468,120045.5071,-79.33126355,0
1819.12703,-83.76420062,3553.282005,-85.21063975,15863.23451,-86.81447895,31217.60548,-85.54260699,120909.2841,-79.4409781,0
1821.017744,-83.52537087,3552.829989,-85.30228845,17067.30394,-86.55237205,31145.16209,-85.59465758,121233.5543,-79.53627936,0
1822.923577,-83.4827158,3574.397141,-85.34174864,16719.46065,-86.37544139,31186.76752,-85.08356648,121145.5174,-79.49345316,0
1831.968296,-83.55290483,3570.129066,-85.0824441,16352.3852,-85.32024493,31747.57987,-85.37558307,121577.7184,-79.29240989,0
1820.896339,-83.15695514,3567.895008,-85.4465263,16092.43321,-87.98891036,31428.8305,-85.12047059,121936.0347,-79.52049038,0
1816.500936,-83.27734061,3557.066204,-85.19725737,17711.29535,-84.4666695,31470.50774,-85.30159399,121669.209,-79.68436069,0
1819.435236,-83.2248283,3553.989537,-85.34981085,16667.97438,-86.04495967,31666.89643,-85.32104954,121075.1861,-79.64368534,0
1818.869439,-83.58082971,3557.044803,-85.14430126,16865.45051,-86.05255501,31595.41349,-85.23676265,120601.3217,-79.20812616,0
1823.415846,-83.25563992,3551.649691,-85.02413968,16763.03812,-86.89602959,31252.6898,-84.89244191,121695.6742,-79.54710271,0
1813.687436,-83.35793306,3586.824206,-85.33111216,16818.39392,-85.9182474,31585.80923,-84.82687047,120435.3541,-79.75353209,0
1821.403952,-83.31339884,3539.821634,-85.19581648,16868.24062,-85.78910945,31484.89025,-84.98907625,121746.2278,-79.39671409,0
1821.852516,-83.27167377,3567.664572,-85.24349617,16959.29686,-85.92606808,31407.39718,-85.3847252,121303.4387,-79.30008457,0
1822.216557,-83.58508972,3549.343705,-85.42135231,16434.89426,-85.45901445,31461.32807,-84.90987096,120783.8775,-79.10242768,0
1818.226163,-83.5067527,3561.040614,-85.23222449,16474.46445,-86.39989233,31646.34746,-84.89671205,121553.7548,-79.36895341,0
1819.955072,-83.298653,3552.28278,-85.22343673,15788.27158,-86.71009388,31327.18833,-85.01713671,121401.087,-79.57947979,0
1814.249009,-83.86756413,3550.403409,-85.20093683,16243.11279,-85.24699949,31516.82481,-85.27245406,121383.3429,-79.30751785,0
1818.726449,-83.19342671,3550.7744,-85.31207604,16740.89431,-85.70256075,31456.32531,-84.89090872,121358.2822,-79.24678694,0
1818.488123,-83.34869471,3579.468209,-85.25887799,17107.29348,-85.60275442,31192.90997,-84.97406246,121623.3534,-79.4305579,0
1823.10108,-83.44552917,3560.756718,-85.4846589,16896.14749,-84.72959881,31339.52471,-86.00306599,121889.0364,-79.43192383,0
1815.53767,-83.40248156,3554.485967,-85.34111497,16451.24212,-86.83850575,31486.22129,-84.90963236,121663.9187,-79.35882319,0
1824.857668,-83.60468378,3567.583089,-85.1749203,16014.50418,-86.66898614,31648.93077,-85.65331399,121935.1836,-79.43798262,0
1828.289017,-83.49472605,3562.177321,-85.11373685,15297.62991,-84.52880567,31605.30921,-84.90407711,121379.3741,-79.3612266,0
1811.141714,-83.26021773,3569.210919,-85.35278775,17157.8144,-87.30486516,31545.75644,-85.14176792,122254.2317,-79.66636654,0
1823.15019,-83.22824267,3543.994759,-85.25696496,16333.57527,-87.12911761,31337.60566,-84.74998855,121703.1177,-79.6971976,0
1824.355969,-83.00214714,3565.083732,-85.23453978,16400.21838,-84.97392888,31723.18366,-85.12551422,121116.5093,-79.62179549,0
1818.033156,-83.45009259,3569.732837,-85.23937128,16674.83124,-85.56119702,31489.46728,-85.35472197,120826.9942,-79.26716849,0
1819.188499,-83.5446296,3545.606847,-85.17768193,15947.09261,-85.69590992,31309.44578,-85.13981474,121510.8904,-79.35914352,0
1820.460385,-83.52129257,3566.51676,-85.60656113,16446.93864,-85.89538514,31430.79472,-84.78888653,120715.1104,-79.17168764,0
1819.667064,-83.60276057,3578.885404,-85.2849717,17570.52884,-85.7708451,31589.82375,-85.08934816,120890.4112,-79.46600942,0
1819.613079,-83.4507281,3561.927497,-85.23254338,16851.80874,-85.89584379,31458.871,-85.13021608,121528.4077,-79.69556725,0
1813.037007,-83.37624909,3570.215607,-85.45788079,16782.62147,-84.42929371,31588.44092,-84.880823,121082.7308,-79.14666416,0
1826.64305,-83.44367577,3568.720694,-84.97164473,15863.32501,-86.2058957,31620.39389,-85.03582555,120911.4905,-79.42572704,0
1826.293255,-83.26085444,3555.062745,-85.24662953,17674.74686,-85.96601408,31516.7725,-85.09870133,121384.4597,-79.11334381,0
1817.186837,-83.47601238,3562.468873,-84.99175023,15938.93296,-83.98452683,,,121440.8434,-79.27778686,0
1814.045214,-83.49432296,3546.544452,-85.41973426,17522.64185,-85.77465226,,,121294.2908,-78.89620885,0
1823.606267,-83.53213235,3557.601939,-85.44096631,15611.1898,-83.54121735,,,121203.9357,-79.4739453,0
1818.329726,-83.70214295,3564.707952,-85.23523089,17277.89333,-85.90888023,,,121852.3123,-79.20515517,0
1821.782505,-83.6916537,3569.241313,-85.58121779,,,,,121582.7852,-79.20740045,0
,,3562.318678,-85.23691936,,,,,121285.0338,-79.55439146,0
,,,,,,,,122699.3235,-79.46260099,0
