Amp_1MHz,Phase_1MHz,Amp_500kHz,Phase_500kHz,Amp_100kHz,Phase_100kHz,Amp_50kHz,Phase_50kHz,Amp_10kHz,Phase_10kHz,R_1MHz,X_1MHz,R_500kHz,X_500MHz,R_100kHz,X_100MHz,R_50kHz,X_50MHz,R_10kHz,X_10MHz
1826.379159,-83.4585295,3578.605538,-85.82493183,17848.77353,-85.55503267,30923.77481,-84.67948696,121151.8394,-79.34971646,208.06536587779826,-1814.4888084393592,260.53757153587287,-3569.108820199023,1383.3070662276223,-17795.08859449015,2867.4710612399563,-30790.541700537553,22390.54597058914,-119064.82117377208
1822.43039,-83.70776486,3588.429488,-85.42117581,17537.2992,-87.16496869,31855.09213,-88.80243961,121616.4272,-78.98049875,199.73765295508053,-1811.4517372504154,286.46619825490177,-3576.976839120618,867.4025766900843,-17515.83500722338,665.7666464806729,-31848.134158584893,23246.139926684067,-119374.08572802527
1824.105505,-83.82318648,3532.988697,-85.37238973,16429.97769,-87.91634482,31066.25861,-83.51989834,121313.6036,-79.64677266,196.26834103065647,-1813.5158206313997,285.03888854513934,-3521.4715624503783,597.3714449810409,-16419.11429555867,3506.0804070293525,-30867.779709639697,21802.014932662838,-119338.43707412077
1827.759715,-83.85820681,3519.955468,-84.63428262,15756.76588,-87.76094197,31640.11028,-85.15734413,121513.8072,-79.96238363,195.5508087048011,-1817.2686804630125,329.1602136994751,-3504.531359600084,615.6009108674062,-15744.735835055202,2671.0484417591815,-31527.164140663488,21179.21203071746,-119653.8604391713
1826.67883,-83.47333429,3546.7539,-85.46653117,18538.43959,-85.56268731,31423.10366,-87.92085366,121650.4594,-79.73759426,207.63057123339345,-1814.8402392110065,280.34047484860207,-3535.657286181294,1434.287959347332,-18482.87208422302,1140.029751452215,-31402.41671898692,21672.833060656707,-119704.31311926883
1818.44242,-83.78905576,3563.871956,-85.58140219,16059.09042,-86.30318372,31087.21852,-85.71476234,121602.5547,-79.53147397,196.73592070552684,-1807.7687386277055,274.57017696367507,-3553.279405941137,1035.439685850282,-16025.674705755826,2322.892867500428,-31000.311676438778,22094.621425333404,-119578.46383708768
1824.022559,-83.66937426,3570.484103,-85.37155422,15808.2177,-86.86990085,30910.3984,-84.27226276,121405.5444,-79.62143878,201.12691889595558,-1812.8999581433964,288.11588635646825,-3558.8405367204555,863.1818974847087,-15784.63378930433,3084.9025995916645,-30756.07428131482,21871.34267401176,-119419.22198999759
1820.833637,-83.68507886,3581.732956,-85.750814,15769.27993,-85.05915497,31335.35839,-87.54426672,122004.1516,-78.90006468,200.2792413471331,-1809.7854456028938,265.38607594261384,-3571.887624043102,1358.1635520753139,-15710.683666744582,1342.6420742808027,-31306.580740957874,23488.344038944655,-119721.80545725142
1820.973008,-83.58966488,3566.093145,-85.30243294,17949.39607,-85.60164475,32198.71017,-85.17299667,120987.4555,-79.47324097,203.30833694053177,-1809.5879133092826,292.04943651380773,-3554.114157627461,1376.5464791877114,-17896.534275338545,2709.4402599781683,-32084.511373702902,22103.76909620192,-118951.19915371289
1822.46062,-83.92020941,3595.959786,-85.52737977,16329.57016,-87.0959816,31418.77508,-86.75024851,121818.2922,-79.24438798,193.02289331183792,-1812.2099420619875,280.42262716029717,-3585.0090561539287,827.3047590241194,-16308.599830949881,1781.081887057413,-31368.251064399894,22733.761897671353,-119678.20346455977
1821.688886,-83.5473147,3555.712539,-86.10255047,16097.11646,-87.62314247,31882.99308,-86.00453631,120932.2042,-79.44429148,204.7262906239707,-1810.1484865345358,241.684908813534,-3547.489262119566,667.5811000023974,-16083.267510108835,2221.52702214389,-31805.503697146698,22153.746454997145,-118885.69943722499
1825.482283,-83.48851084,3541.572194,-85.40379061,16979.58724,-85.5836755,31509.43348,-85.13802819,121699.2694,-79.59662395,207.0141563245857,-1813.7063446512261,283.7967289497619,-3530.1831428342903,1307.4808807555453,-16929.172353875707,2670.601347907581,-31396.05527245579,21976.101153032967,-119698.6347065222
1823.475216,-83.56492477,3525.841323,-85.50821963,16638.40275,-86.83830273,31867.46628,-84.90499807,121264.557,-79.41104553,204.37013212008873,-1811.986399635346,276.13006248903247,-3515.0119805719287,917.6749008875375,-16613.07674235837,2830.067114890714,-31741.55206085788,22283.800069548717,-119199.51777950542
1821.624124,-83.6349934,3542.065904,-86.03846939,16171.96856,-86.08519387,30830.81752,-85.8777809,121869.0126,-78.75143468,201.94883470794858,-1810.3952931055883,244.70955981282353,-3533.60270823073,1104.1105187223286,-16134.234009337883,2216.2499767516665,-30751.057623959656,23772.471953214983,-119527.92899290343
1822.556928,-83.56334934,3565.229707,-85.40723759,17589.71926,-84.3382824,31376.71186,-84.77214061,121597.861,-79.72822466,204.3170109126251,-1811.0682800083841,285.47867685191574,-3553.7817587378922,1735.3115960093987,-17503.9114860185,2858.9457795660383,-31246.191386710896,21683.028845174213,-119649.01194692192
1822.237908,-83.51041796,3542.071046,-84.77955416,17897.9267,-85.60843287,31895.3333,-83.96145764,121653.0788,-79.12415011,205.95398055186038,-1810.5617778046294,322.2857938740369,-3527.3785112996475,1370.4850498486182,-17845.378978511897,3355.3075890280993,-31718.35741808045,22953.68923838718,-119467.98622169271
1825.597528,-84.06696145,3579.455061,-85.16993912,17818.72956,-87.22229556,31468.70887,-85.59253286,121219.5706,-79.82978353,188.7048904706639,-1815.8184927332811,301.392453743209,-3566.7437702399034,863.5152305407412,-17797.79381212857,2418.3378497311232,-31375.647881587633,21404.1167198283,-119314.91140629638
1820.677872,-83.23722685,3589.194665,-85.13339354,17602.51804,-86.01251145,31498.15596,-83.04905077,121344.1146,-79.60688462,214.40081005080498,-1808.010012759887,304.4936777206481,-3576.2552961851893,1224.0551301295036,-17559.906901431143,3811.8936879911435,-31266.648291621164,21890.594606594885,-119353.24049152437
1822.178247,-83.511989,3511.744083,-85.92114787,17241.87075,-87.32918265,31366.25441,-83.00347964,121639.2142,-79.42458868,205.8975937820447,-1810.5081454428084,249.78784262401584,-3502.8492028865235,803.4311192250394,-17223.141565822603,3820.6941124048008,-31132.687198702904,22324.384602232316,-119573.07507681273
1818.799058,-83.69492206,3577.966424,-85.18784641,15085.16572,-84.30017308,31972.00874,-85.81526689,121768.0877,-79.29755408,199.7448816889515,-1807.7975538264106,300.15280417450447,-3565.354403901179,1498.2095399521347,-15010.582699357796,2333.0758926732283,-31886.76997987823,22613.376503842173,-119649.91594318138
1813.880395,-83.64904319,3514.406028,-85.32029946,18495.81618,-86.86668129,31645.38041,-86.12625525,122571.2601,-78.84231426,200.64829455357972,-1802.7485540857037,286.7242300961026,-3502.690244015096,1010.9715843951235,-18468.165924636247,2137.9019052601616,-31573.081521085278,23718.74495724365,-120254.45912794703
1823.164215,-83.49380128,3568.493704,-85.16681722,17142.24187,-85.95738784,31548.18462,-87.65240876,121644.5701,-79.44570885,206.58402386342942,-1811.422312974244,300.6632474594679,-3555.8049619059207,1208.5000278101631,-17099.59017088901,1292.2683236022763,-31521.706733573592,22281.287502359264,-119586.5613773179
1823.774577,-83.60081398,3585.355693,-85.20973169,17445.34413,-85.83857488,31777.86996,-85.36599634,121902.4793,-79.75800338,203.26845644149154,-1812.4115543461485,299.4079906178783,-3572.8322519370645,1265.9515766573468,-17399.35051717978,2567.349187504526,-31673.99149687469,21675.002923609787,-119960.02962549
1819.123122,-83.93677507,3561.599526,-85.92852123,17947.07653,-86.01417987,31756.84679,-85.71821908,121035.1205,-79.17017513,192.1464034687974,-1808.9468462696832,252.87684328717006,-3552.610939257568,1247.4939143106585,-17903.667638431925,2371.018109750361,-31668.211050938273,22741.60482835304,-118879.43389956292
1827.843276,-83.21817367,3534.064316,-85.39686014,18262.27939,-88.5188328,31612.81696,-84.01934107,121112.8659,-79.56931771,215.84819055998665,-1815.053883566654,283.62120227996076,-3522.665127888516,472.05006646713764,-18256.177509357407,3293.8260556250734,-31440.75231386407,21926.979177011013,-119111.43467645039
1817.061148,-83.59983776,3548.282163,-85.68578994,17257.48533,-87.9131557,32124.47943,-87.42265076,121446.5262,-79.33206582,202.55097908550096,-1805.736502494919,266.92321141922787,-3538.228131066396,628.4184139965082,-17246.03984142781,1444.5755576577806,-32091.98311271385,22481.77566572043,-119347.51144855726
1821.404329,-83.40142579,3554.913036,-85.40036184,17274.46182,-86.7375003,31508.18939,-85.59026833,121158.2253,-79.47173813,209.3019986314003,-1809.3386645591922,285.0778235393862,-3543.4640294560327,983.099922219273,-17246.46473088239,2422.6135164734264,-31414.91592199331,22138.092264115032,-119118.51421484021
1820.729911,-83.70187811,3556.539098,-85.74205802,16250.05019,-85.82473854,31637.92915,-83.73726784,122077.2411,-80.19084539,199.73722070607997,-1809.7409901625917,264.0613697664321,-3546.7227053435868,1183.1268432621696,-16206.922658243036,3451.3111221220647,-31449.117832440646,20797.926446995854,-120292.55608761865
1825.709574,-83.31084481,3556.11616,-84.85088655,16876.03429,-86.36546727,31284.77969,-86.26382709,121427.7872,-79.22595794,212.6636719038975,-1813.281448437504,319.1545334217173,-3541.765453444018,1069.8060486412226,-16842.091567722415,2038.5886933862114,-31218.289453316214,22699.257448180295,-119287.26342568899
1825.525958,-83.53019447,3558.021014,-85.726561,15997.66531,-87.33450763,31588.86356,-86.31141761,122041.5543,-79.19641464,205.69952148701293,-1813.8998677412796,265.1310835700929,-3548.128949825603,743.9688502401059,-15980.356870879004,2032.2204938644197,-31523.425906405122,22875.80847672178,-119878.43159841637
1821.720455,-83.47360374,3564.643226,-85.74267955,16130.54239,-87.79725811,32140.09643,-87.3293844,122077.3724,-79.06133397,207.05846284623263,-1809.9149729004293,264.62451307769334,-3554.807335953115,619.987539300028,-16118.623180864413,1497.5407742966481,-32105.189146912337,23165.167097145844,-119859.33374355787
1822.36671,-83.76385651,3535.520705,-85.35008615,15958.64672,-86.67742938,31284.66273,-81.28100198,121582.9063,-78.71742756,197.9572579667369,-1811.583105942014,286.6149362620267,-3523.8840125343527,924.9200899919173,-15931.821238041059,4742.397434852158,-30923.12708475258,23787.43582977301,-119233.22104597784
1818.701518,-83.36791487,3555.314953,-85.81452462,16688.81381,-86.75657173,31096.65481,-86.28927866,121740.0873,-79.89633138,210.04804446719734,-1806.5312149506333,259.4859884111024,-3545.832967984209,944.2242694183949,-16662.081109930055,2012.5456393684574,-31031.46146126146,21356.834659821176,-119852.13585549772
1815.537018,-83.45939477,3591.364098,-85.55141783,17881.86679,-85.59600515,31913.49016,-87.11140027,121549.0473,-79.22272758,206.80296451335298,-1803.720376775963,278.5620741454568,-3580.5445473071736,1373.1225458151591,-17829.068802645837,1608.2554964864667,-31872.941007231162,22728.65750464689,-119405.10469646637
1820.264568,-83.35199912,3552.394095,-85.71486308,19982.5068,-86.58844655,31474.26427,-86.37311144,121752.6329,-79.26492099,210.73081189841358,-1808.0253378846387,265.4350460218382,-3542.463555568957,1189.1122841490292,-19947.094775624148,1991.026720913265,-31411.22608136155,22678.641286682825,-119621.83265387689
1821.724513,-83.69065432,3551.181917,-84.81108326,17030.8784,-85.48971738,31568.11591,-86.32916275,121733.7668,-79.59092837,200.20103403300192,-1810.6904062365834,321.16866261250976,-3536.6288606218613,1339.2743315252549,-16978.1378054398,2021.1288857144145,-31503.348713026146,21994.23269490199,-119730.37921713639
1824.833804,-83.66484889,3582.351942,-85.06327457,15508.3613,-86.90579331,31514.0076,-85.57836996,121525.9163,-79.26971787,201.3596219219499,-1813.6903580491792,308.2812402551193,-3569.0626379005926,837.1079741772489,-15485.752175819765,2429.5858230785257,-31420.213044171956,22626.414866538325,-119400.9785673547
1824.752996,-83.17616077,3507.861273,-85.40334015,18095.59572,-86.50523311,31561.64271,-83.95046185,121741.1729,-79.22936302,216.81186693403143,-1811.8267330977196,281.1228625812737,-3496.5784199338773,1103.060007618367,-18061.94460962815,3326.227602884358,-31385.880591238893,22750.733040199324,-119596.47706015958
1820.150454,-83.76644695,3584.465013,-85.53793001,16545.50298,-86.61414346,31857.42198,-85.62139383,122158.4981,-79.9056113,197.63470854767735,-1809.3889015835375,278.8682084839831,-3573.600698415818,977.1766833790177,-16516.621766894383,2432.2100101792466,-31764.440647966254,21410.757499109313,-120267.52729378798
1820.396617,-83.60429642,3547.330442,-85.00072207,16189.28037,-87.12780038,31209.56213,-86.55002383,121812.4136,-79.32909799,202.78201174228897,-1809.0669691580783,309.12568430812894,-3533.835674736581,811.2180841961242,-16168.94319732556,1878.0998274178912,-31153.00161115431,22555.708125567984,-119705.90686349463
1818.236063,-83.38094458,3563.628451,-85.21675846,17051.02452,-85.46321262,31143.36344,-87.33592446,121679.82,-79.78727115,209.58356151137767,-1806.1165830416226,297.1580592924274,-3551.2173721942477,1348.721736390639,-16997.599444022344,1447.5478127466558,-31109.70414011906,21574.24399422728,-119751.95443628446
1817.160592,-83.56329234,3562.243909,-85.17931566,15615.07075,-87.16473394,31563.88438,-85.14528626,121610.9818,-79.68253667,203.71385322135424,-1805.705757625948,299.362363167466,-3549.642776777177,772.3922063261278,-15595.956040176321,2671.2323080243973,-31450.648882186433,21780.780726658595,-119644.59237799737
1816.33183,-83.47814682,3579.572317,-85.390727,17063.51194,-86.81944881,30915.3524,-85.11453261,121221.4903,-80.12444885,206.3028992659322,-1804.5776321415547,287.65531318209327,-3567.9955708255666,946.727756551293,-17037.228245272116,2632.881424436267,-30803.03474369115,20790.543335069764,-119425.30309103504
1826.919762,-83.65053397,3554.791199,-86.06097449,16755.78497,-86.28899649,31004.83903,-82.90129589,121216.4827,-79.61228982,202.04344364529325,-1815.7131556680663,244.19574576494443,-3546.3937889408385,1084.50065965779,-16720.651550704588,3831.5480130723013,-30767.178666555257,21856.321825179162,-119229.7650523291
1819.796296,-83.51550507,3546.3859,-85.42551849,16940.66886,-87.73688924,32247.04261,-85.04031857,121678.9835,-79.50611399,205.51748389289926,-1808.1540649927072,282.8418987473831,-3535.088883186926,668.9609965164788,-16927.455585802418,2787.908626593238,-32126.302659673158,22161.466522322342,-119643.82318855102
1820.00353,-83.80970348,3586.850167,-85.59490091,17220.87379,-86.58681032,31821.73933,-85.32501318,121099.3403,-79.20960293,196.25277709667654,-1809.3915266448837,275.4979319452468,-3576.254326806445,1025.2648720636905,-17190.326524915727,2593.580155468322,-31715.87041157202,22671.816188512177,-118958.13957779232
1817.644737,-83.28948009,3511.854939,-85.12003403,16910.0924,-87.04375929,31527.44935,-86.74010747,121305.8458,-79.42564468,212.39740091659525,-1805.1924368409243,298.7483584450618,-3499.1248235673265,872.1083222285904,-16887.58869853353,1792.8136486525163,-31476.433751904307,22261.003888606483,-119245.77951074336
1823.52285,-83.60117548,3560.687753,-84.97212032,16859.45032,-86.66157767,32005.99097,-85.63273873,122007.0819,-80.03296563,203.2289666633271,-1812.1626780124016,312.0603588449217,-3546.986834878552,981.7847691800653,-16830.839662938808,2437.2338419541493,-31913.05922614369,21117.172548273742,-120165.69001724136
1816.599268,-83.69979493,3532.666892,-85.64549543,17124.74412,-86.27339516,31132.31109,-85.82979841,122223.742,-79.08670088,199.34973181135595,-1805.628030610091,268.22585616563185,-3522.469341231681,1113.0343112987666,-17088.534629901602,2263.9262073725067,-31049.886182273018,23139.80995949495,-120013.30052757078
1820.65592,-83.46350704,3544.674912,-85.19127949,17254.51796,-87.14855224,31410.29441,-85.72822119,120997.7883,-79.47266856,207.2562216118066,-1808.820841773514,297.14836162736594,-3532.1980526216785,858.3537891189417,-17233.15463879634,2339.6759236468665,-31323.034838520744,22106.845319294975,-118961.13719833206
1818.679281,-83.66128546,3601.460251,-84.68013918,15822.11922,-86.46279676,31770.35443,-86.60419823,122125.2667,-79.23380083,200.7929257791371,-1807.5609334392384,333.9120400603566,-3585.9473907233655,976.1715071543409,-15791.977260638181,1881.8606937725397,-31714.571113875314,22813.219110589846,-119975.57168173172
1822.392014,-83.81456969,3559.358047,-85.64943201,15427.59979,-84.65480001,31872.81314,-84.37729345,121495.8551,-79.04585513,196.35645316972128,-1811.7827673287943,270.00859851106,-3549.1020080400267,1437.1746358900057,-15360.513153744652,3122.8123260758957,-31719.46185914044,23087.04521076176,-119282.14933474513
1819.792958,-83.81675594,3564.266196,-84.70189845,16782.25478,-86.23303137,31727.97161,-85.38960404,121563.1192,-78.8661334,196.0073796364349,-1809.2063224282763,329.1157679487762,-3549.0387891985342,1102.571495129303,-16745.996882806383,2550.2874503981548,-31625.3097440216,23474.07645188943,-119275.14277654108
1817.853665,-83.45870077,3523.786345,-85.72398551,15424.88303,-84.84805569,30556.92487,-85.47571317,121529.4221,-78.65415887,207.08872315442235,-1806.019437352822,262.73799398222343,-3513.977653845661,1385.112390493778,-15362.567498790122,2410.3811757574044,-30461.709080391054,23908.562239977167,-119154.44216468434
1821.190255,-83.60844179,3545.341074,-85.37090555,16929.93101,-85.79273247,31160.11613,-87.72656997,121938.2652,-79.45442838,202.73947434976498,-1809.8703407833793,286.1270075202913,-3533.7762615308507,1242.059279555257,-16884.30788482105,1236.0728344328725,-31135.589944355692,22316.839372437036,-119878.68534652177
1822.511961,-83.60390192,3564.296663,-85.38465917,17772.62513,-85.28694552,31714.22622,-84.44374069,121017.7448,-79.30355596,203.03011972589744,-1811.167749953646,286.8040073601576,-3552.7389663800363,1460.2981231847693,-17712.530406549216,3070.6695645712343,-31565.22030904507,22461.57487655867,-118914.97891578956
1821.46443,-83.3913235,3567.536479,-85.37552736,17444.30983,-87.11844784,31394.82374,-84.45359764,121724.4602,-79.85038735,209.62793163215545,-1809.3614343283791,287.6314488822106,-3555.92247927449,876.9494279553589,-17422.2531592743,3034.368311757635,-31247.840991247198,21450.180371974537,-119819.58927066618
1822.14757,-83.77817044,3572.904668,-85.71797367,15805.59833,-86.07844994,32505.2995,-86.42557121,121244.7079,-79.00820659,197.48092268818513,-1811.4146549123225,266.7741656773689,-3562.931280721442,1080.9533156459836,-15768.591519178013,2026.5458929209117,-32442.065398623832,23117.53361255627,-119020.41351561778
1819.43535,-83.70865634,3560.448018,-85.61857002,15991.62519,-86.04414576,31886.57305,-83.70548031,121763.711,-79.89231075,199.38125919570052,-1808.4778423611276,272.0035286900362,-3550.0428404823933,1103.2276979214964,-15953.525154773204,3496.0195960903775,-31694.343152315654,21369.39095103076,-119873.89393389007
1820.221635,-83.64797744,3571.063949,-85.64943506,17168.29055,-86.92705291,31745.28912,-87.20717984,122096.5531,-80.13645481,201.3834013364107,-1809.04713210802,270.8964045363661,-3560.7741947302334,920.3463123618338,-17143.604144827346,1546.77674186261,-31707.583683138382,20915.41833471994,-120291.78506774592
1819.324931,-83.56388429,3569.564415,-85.24831079,16445.99527,-87.17565272,31103.03629,-85.21030859,121568.1144,-79.09920082,203.9378098761288,-1807.8585603583824,295.69410811853896,-3557.2960387432295,810.3632313855077,-16426.01813751832,2597.0585596682163,-30994.421325372587,22989.641522828475,-119374.54846584062
1820.230865,-83.58784067,3522.799707,-85.24707174,16529.79045,-87.96500896,31517.77154,-85.58107267,121696.3783,-79.63131227,203.28306894712662,-1808.8439390334606,291.89615289133855,-3510.6857466265083,586.9699989905935,-16519.365561098166,2428.3936971265975,-31424.08036680453,21903.108191797604,-119709.07377001594
1818.917616,-83.63078218,3561.029173,-84.48251127,17434.20681,-84.43308425,31623.78947,-87.13642339,121708.4991,-79.11997186,201.78165108823254,-1807.690642526876,342.3914548129676,-3544.530556029687,1691.2612000780873,-17351.97979041472,1579.86241062595,-31584.301404437836,22972.862042944562,-119520.73612026717
1816.27389,-83.59125453,3575.997351,-84.82728782,15865.87256,-87.35254972,31963.72834,-84.89570083,121294.4546,-79.26540126,202.73361207152485,-1804.9238006165701,322.4057266015396,-3561.4339249540417,732.8491524544622,-15848.938267590916,2843.7820408117464,-31836.972737646964,22592.29831617903,-119171.8623396657
1821.785535,-83.59927003,3572.351591,-85.58576822,16446.05773,-84.61038809,31869.15502,-82.64607095,122085.884,-80.06748564,203.09555387069295,-1810.4294329062352,274.9520599921188,-3561.7547998741184,1544.7421864253868,-16373.349884369127,4079.1932795619146,-31607.0122579906,21058.362778777246,-120256.01202908263
1820.108607,-83.70671324,3552.819788,-85.24915482,16051.20272,-86.75540932,31927.38156,-85.07721618,122152.5988,-80.4963274,199.51639186581872,-1809.1402794289681,294.25486649218743,-3540.613297092755,908.4744579724946,-16025.47293897272,2739.7880892741073,-31809.60946795323,20168.7164132304,-120476.05684050443
1816.552075,-83.72310061,3543.77274,-84.97805823,15810.58878,-87.2225632,31177.05216,-85.86630017,121808.5672,-79.85756596,198.61009676822295,-1805.6620588162457,310.2120678860776,-3530.1690760790693,766.1247522541989,-15792.01603451077,2247.3697350122247,-31095.94685262875,21449.97885242661,-119905.06849398556
1822.611703,-83.53226987,3537.369193,-85.36782375,15994.77758,-85.46628698,32072.76283,-84.5130644,121593.3523,-79.41950863,205.30554507248186,-1811.0116104197266,285.67328167756665,-3525.8150240364344,1264.3179336821152,-15944.729850211965,3066.7585486074295,-31925.80629450058,22326.565284688895,-119526.0130939723
1818.645025,-83.73677399,3557.587444,-85.40824875,17513.95607,-86.94901056,31002.0104,-85.02058275,121410.0922,-79.90682836,198.40751116954414,-1807.789862364749,284.80415484417625,-3546.169061831365,932.1741712530006,-17489.131154415263,2690.9083871904513,-30885.007056716957,21277.04512633532,-119531.15844291142
1821.422242,-83.78352759,3583.475894,-85.35936595,16894.57742,-85.53022226,31325.82099,-85.13650588,121353.7299,-79.68289281,197.23301246128435,-1810.7120484626355,289.9240472302508,-3571.72836729177,1316.6490373495524,-16843.193922555794,2655.868468825714,-31213.032908927995,21733.964258337302,-119391.63521059368
1823.382722,-83.63524013,3520.29994,-85.03041916,15972.9162,-86.59612597,31696.4747,-85.8105682,122154.0946,-80.0001643,202.1359927980851,-1812.1439212445741,304.9524465640201,-3507.0665338568388,948.3738341005566,-15944.73703147894,2315.5619123986926,-31611.780738161342,21211.49095724505,-120298.36025032286
1821.645282,-83.60810726,3546.757271,-85.72226544,16614.48768,-85.63433772,31473.83274,-83.06331434,122052.5918,-79.35914345,202.80069893465802,-1810.3213554351266,264.55691574314955,-3536.876698122772,1264.7192988934028,-16566.281597385645,3801.1722796381446,-31243.45110012667,22537.2816200678,-119953.76651975201
1824.570658,-83.184442,3536.929084,-85.51149674,15220.87414,-87.34756262,31145.56325,-84.49917703,121546.4579,-79.39025434,216.5283540778926,-1811.6770015416303,276.7967338659666,-3526.081523925136,704.3799207163128,-15204.567028133764,2985.6152479193875,-31002.13237426003,22378.956275113156,-119468.50523913423
1817.696763,-83.70409794,3576.346626,-85.19045363,16117.30398,-85.21930822,31216.30062,-85.96391991,121027.2458,-79.61545069,199.3344803644702,-1806.733872809857,299.85475379443716,-3563.7539640003856,1343.248806903084,-16061.231902518477,2197.148152424886,-31138.881874507126,21815.633483372327,-119044.83341016015
1822.436714,-83.41492193,3548.919508,-85.25456771,18971.33152,-85.62541073,30937.66226,-85.3383895,120598.4989,-78.87618444,208.9941916410969,-1810.4134898954442,293.5977083696715,-3536.754170125914,1447.0729685065712,-18916.061943902674,2514.3260914171456,-30835.322447152186,23267.04836474062,-118332.7613018733
1819.289177,-83.44932774,3550.633043,-85.28354832,16753.93535,-87.2901614,31735.27889,-86.27945485,121197.2624,-78.83657379,207.54793343590924,-1807.4116755393113,291.94965050655276,-3538.6099541504345,792.0921425245651,-16735.20061874761,2059.3066009558092,-31668.394063313972,23464.776011717717,-118904.08193150634
1818.750704,-83.7890708,3555.828372,-85.52929366,17567.61028,-83.07680559,32014.64182,-86.08231537,121523.5293,-79.2035382,196.76879910485854,-1808.0752647495976,277.1746552298454,-3545.0091144619623,2117.5771834937614,-17439.518279525622,2187.3436622272848,-31939.83122319539,22763.86708311994,-119372.41946509255
1819.595955,-83.44475404,3569.392622,-84.98797145,16778.443,-85.5637342,31492.81166,-86.13054549,122047.8916,-80.13429796,207.7272335835552,-1807.6998743928941,311.83955720334916,-3555.744616891271,1297.8143252604943,-16728.174660775087,2125.2418869744583,-31421.020562261838,20911.608969174096,-120243.05574263202
1820.369837,-83.78818214,3552.235513,-84.51964266,17187.9596,-83.49365887,31377.8006,-86.86450632,121345.1124,-79.86074914,196.97203973317696,-1809.6818391702884,339.2544627712135,-3535.9982394379367,1947.622278264507,-17077.25746929055,1716.28340900958,-31330.82733911313,21361.73015225386,-119450.04306516981
1821.434459,-84.04705898,3497.888755,-85.21626993,17499.89419,-84.30993522,30966.77643,-84.02197938,121741.12,-79.26577289,188.90386985868153,-1811.6122146820044,291.7059850495353,-3485.7041412950884,1735.0655674385093,-17413.668313651924,3225.095146416261,-30798.376641670027,22674.718373013467,-119610.85839320326
1817.89849,-83.4740467,3571.397918,-85.45806658,15749.71721,-86.42584904,31881.45185,-85.61056595,122014.5022,-79.67336739,206.61009140212028,-1806.1193731520316,282.8143396131847,-3560.1824585270756,981.8413483233717,-15719.083299025193,2440.052009159421,-31787.939824034926,21872.262543436693,-120038.08928146426
1823.879935,-83.8885556,3569.262573,-85.07539825,16812.64923,-86.69010073,32379.17979,-84.35380191,121612.2717,-79.61769345,194.1751471970703,-1813.5142760691463,306.4023730516179,-3556.086739775468,970.7037654155007,-16784.60331169098,3185.6362415132776,-32222.088784091906,21916.404306852426,-119621.13463052087
1822.620041,-83.50131289,3555.775301,-85.59757971,18406.3354,-86.67967839,30842.1116,-86.17426347,121519.4793,-79.07221064,206.28495055256627,-1810.9087036707197,272.9453855653299,-3545.284023558653,1066.060235929335,-18375.43736705778,2057.8502487675682,-30773.382984334075,23036.652602987284,-119315.95235421124
1816.824094,-83.70046747,3538.071123,-85.682491,16055.73878,-88.36683587,31123.55602,-85.26754696,121120.1009,-79.2249443,199.35320657132837,-1805.8538389273508,266.3582104804735,-3528.0306936187676,457.5922737624394,-16049.216712431446,2567.786842861312,-31017.45008958194,22643.844721747406,-118984.60042477587
1825.580658,-83.2892309,3567.4755,-85.36693377,16282.50641,-87.02546196,31270.73073,-86.23510351,121156.4969,-78.90881398,213.33262318773293,-1813.0730627163248,288.1598602708576,-3555.81851871393,844.9345105708725,-16260.568891171595,2053.3163312949687,-31203.24490228226,23306.99756554206,-118893.56839442378
1826.760855,-83.39294391,3568.037765,-86.42172502,16538.66473,-85.91067805,31314.93037,-84.1076435,121710.7412,-79.59491397,210.18616404681296,-1814.6286115355995,222.68869449474633,-3561.081751070933,1179.3978650510649,-16496.558784402852,3214.7856881049947,-31149.47860009062,21981.74540392231,-119709.2619326112
1824.684669,-83.65999853,3550.645428,-85.84551633,17109.60674,-84.39781956,31618.47593,-85.54718692,121499.4611,-78.88477952,201.4966899941472,-1813.5250825960588,257.22969539215853,-3541.3155520492323,1670.2530514296845,-17027.88587998062,2454.796526734853,-31523.039100764378,23422.986585457496,-119220.3118055304
1820.750928,-83.70113897,3555.832838,-85.52048655,17362.93885,-87.11645258,32150.25267,-86.26459511,121610.2154,-79.64407694,199.76287299107426,-1809.7593034398835,277.7199149833966,-3544.9709195733535,873.4626764118249,-17340.95465831552,2094.554875400688,-32081.951103677868,21860.949346922695,-119629.19118378122
1818.17179,-83.79348091,3541.222465,-85.92594359,18097.99973,-85.15934042,31918.02904,-87.61899629,121552.0681,-78.83587466,196.56704144769165,-1807.5148840793277,251.58896448163634,-3532.273989878437,1527.1992896377033,-18033.448271387537,1326.01518854557,-31890.472895804316,23534.924409428048,-119251.88716506564
1824.324713,-83.65781155,3556.613964,-85.79659693,17337.77368,-87.68392191,31733.60053,-84.76787269,121795.6784,-79.38434767,201.52614914500495,-1813.1596371178457,260.69067113172525,-3547.047118788343,700.6572392754779,-17323.610351539068,2893.8183067296864,-31601.380004760114,22437.183631924574,-119711.15264495419
1820.104565,-83.62963603,3528.519774,-85.55629135,16781.84386,-86.895942,31253.73123,-86.23115472,121299.5589,-79.76465206,201.94951005748786,-1808.8662258225122,273.38836153666745,-3517.9128186021476,908.7290359089432,-16757.222170775076,2054.349435120597,-31186.140578716968,21553.94838517382,-119369.21838708602
1824.81109,-83.64443525,3568.81768,-86.04272065,18089.83774,-86.74375699,31102.00921,-85.20125175,121453.3453,-80.06796453,202.00328581630797,-1813.5959270759304,246.29358225400122,-3560.308849583288,1027.5312400509968,-18060.631467649397,2601.871945904839,-30992.986936983634,20948.257459316806,-119633.12916570899
1821.874849,-83.55294302,3540.931415,-85.54392046,17540.33815,-85.7627913,31225.79985,-85.90898942,122217.5621,-79.54464314,204.569354704925,-1810.3533755967046,275.1122383786969,-3530.2278314618966,1295.9828276482688,-17492.395231265105,2227.6782259585657,-31146.236144899594,22178.7412766789,-120188.33521207244
1824.099428,-83.47892455,3565.147487,-85.59602209,15362.56912,-85.66167491,32124.87639,-83.75891081,121294.3887,-79.52683911,207.16055983476448,-1812.297775112819,273.7614398994287,-3554.6211159681434,1162.112696582948,-15318.55163020376,3492.368394472387,-31934.480519809145,22048.277631988283,-119273.644127986
1822.303606,-83.51908501,3531.478331,-85.36991938,19344.35325,-85.06438977,31507.63121,-84.36864634,121471.8382,-79.0884664,205.68751260681572,-1810.6581896090229,285.0687990279786,-3519.9538323880456,1664.3136953741405,-19272.62469369898,3091.7650196957397,-31355.570693711696,22993.781635942527,-119275.70365235985
1823.31753,-83.71452882,3548.187417,-84.91471844,18595.47898,-85.29087629,31359.97604,-84.51278495,121366.4352,-79.46952169,199.62092967204424,-1812.3571115103584,314.5057466934185,-3534.221283600384,1526.6369598231252,-18532.706712418556,2998.75499508229,-31216.270848851294,22180.75238621788,-119322.36092508852
1821.302249,-83.83273715,3558.008591,-85.3105989,16676.74552,-85.91493306,31460.84831,-86.09395851,121720.5627,-79.59618225,195.6648847358746,-1810.7614793488829,290.8819451448918,-3546.098254084132,1188.0092896634835,-16634.37630530563,2143.1284027090937,-31387.767952409922,21980.86916725524,-119719.40851280814
1826.442327,-83.34099936,3526.261523,-85.37167085,17217.40274,-85.74084825,31847.48644,-84.48441608,121918.3525,-79.00213125,211.79428944502678,-1814.120931144242,284.54024430098326,-3514.762748460188,1278.6982478102013,-17169.85404429539,3061.0685321470714,-31700.0355202874,23258.66662664886,-119679.23421824133
1821.639286,-83.70142176,3562.629461,-85.34005765,18154.37675,-84.32381634,31027.92283,-82.6278382,121397.656,-79.51447924,199.85140215275842,-1810.6432849559756,289.43407996826056,-3550.8529383428536,1795.579017919451,-18065.361639650284,3981.309439092757,-30771.43432299876,22092.800190523907,-119370.4279209718
1822.435694,-83.69490188,3552.506687,-85.28846416,16672.79885,-86.80677613,32073.80669,-86.41524644,121420.5292,-79.65277855,200.1449037832832,-1811.412122145273,291.7999447738808,-3540.502302415531,928.7319707410747,-16646.91197847471,2005.412897265786,-32011.05113392825,21808.71068537197,-119445.90846676078
1826.723974,-83.67189635,3524.589266,-85.79018317,17566.31623,-85.2862741,31591.30255,-84.92152027,121472.7264,-79.19986177,201.34487199024625,-1815.5937650558244,258.736826953853,-3515.0796219118947,1443.5517864813742,-17506.902185484098,2796.4677253429213,-31467.2872212835,22762.007029445194,-119321.05553941744
1830.288216,-83.48143235,3559.079189,-85.2667394,16864.0194,-86.33200034,31368.13584,-85.01014045,121963.4897,-79.26060731,207.78381985155818,-1818.4556188800314,293.68471451054336,-3546.9414940249235,1078.8748160087164,-16829.473534693785,2728.3825950337236,-31249.25398296429,22726.938810545726,-119827.28851185659
1819.81036,-83.62054312,3558.356711,-85.60222509,16551.82433,-84.74585908,31517.26843,-84.83224837,121436.2225,-79.18028025,202.20388689978645,-1808.5417701800386,272.85588636404174,-3547.879951181442,1515.70994057375,-16482.278726778826,2838.8247277320033,-31389.158692992907,22795.932611966706,-119277.41442293332
1824.959934,-83.39278996,3549.922065,-85.03483051,16483.87188,-85.38299776,31743.15134,-85.10565754,120556.8305,-79.5954692,209.98382198361938,-1812.8390869601294,307.246226407562,-3536.600970413849,1326.8644868182464,-16430.382308086297,2708.2793557657524,-31627.407100887624,21772.19262755518,-118574.53777432303
1825.65649,-83.59873117,3563.891803,-85.45138557,16715.36027,-86.3164135,31243.78894,-85.13133111,120894.3167,-79.4625953,203.54415714489915,-1814.274344075695,282.6342030268973,-3552.6669828130443,1073.9022753993224,-16680.827403303072,2651.7252879099537,-31131.05684561199,22108.837103708476,-118855.52209418619
1820.353928,-83.30204309,3578.635268,-85.26511388,16649.56723,-85.6458245,31514.07161,-85.13845832,121021.4687,-79.26924998,212.3175663699447,-1807.9296651683585,295.3996063906643,-3566.422500758663,1264.06132465099,-16601.513121213124,2670.7587247031925,-31400.69676415843,22533.464831275498,-118905.16746131242
1824.053724,-83.47847721,3561.518422,-85.31464405,17277.50515,-84.74728678,31487.97096,-85.45385903,120995.7474,-79.56727058,207.16951854722515,-1812.2507493785674,290.9182819348985,-3549.616884042758,1581.734423367315,-17204.949881421086,2495.7963909040714,-31388.904338204502,21910.02698309563,-118995.46884854324
1825.536007,-83.43013508,3562.061023,-85.41456911,16681.86976,-85.84230623,31628.91743,-85.08589435,120618.5995,-79.47546845,208.86808865851867,-1813.5478583135437,284.7706136701701,-3550.6597174561407,1209.4652040558706,-16637.96780288328,2709.402993223527,-31512.657031962084,22031.770686047723,-118589.40773011226
1822.910462,-83.35828302,3555.263011,-85.43741725,15911.25997,-86.76390795,31603.7734,-84.94792832,120942.3541,-78.95925366,210.8385410545447,-1810.6765757790774,282.81390781068507,-3543.9965252428838,898.1975750414504,-15885.887918184304,2783.0621190076286,-31480.995193295465,23161.31210969208,-118703.86108550646
1815.810825,-83.33411181,3560.910474,-85.1057506,16010.06085,-85.66888021,31430.23413,-85.07703602,121042.4691,-78.95302739,210.77826558687718,-1803.5358257998005,303.80592334796216,-3547.9269108567605,1209.0850733288307,-15964.34031540784,2697.2247835152966,-31314.287409005618,23193.394797409568,-118799.60338147577
1822.534332,-83.69211547,3566.69487,-85.37157413,17331.57839,-87.80907814,31209.5102,-85.1761304,121028.3227,-79.12378227,200.24383365765897,-1811.5004273807858,287.80888342599064,-3555.0637606525993,662.5772633889467,-17318.908766396195,2624.5006572674456,-31098.963378606477,22836.57234791152,-118854.30517643834
1827.480359,-83.47159589,3558.405321,-85.22670041,16058.06643,-85.02366426,31576.60741,-85.23934403,121996.1297,-79.19607284,207.7767652967903,-1815.6302702735409,296.1072137184272,-3546.063866670343,1392.9455348962188,-15997.537316946808,2620.654717070096,-31467.670780964472,22868.008835758894,-119833.67570790306
1817.758321,-83.29580977,3557.577152,-85.42172949,16974.48167,-86.22937933,31334.6706,-85.17817132,121457.7606,-79.66572793,212.21123341003596,-1805.3286974895543,283.96897109787704,-3546.2257141764176,1116.280158153975,-16937.737351065454,2633.9135547126225,-31223.774291344176,21788.393207468245,-119487.46181672646
1820.379788,-83.71272995,3566.071457,-85.39367232,16485.48102,-86.27799213,31318.23241,-84.73134486,120879.9497,-79.29826924,199.35610838568073,-1809.430770880235,286.38765743370345,-3554.5531007567943,1070.16510015077,-16450.70913727428,2875.8230464118506,-31185.91546022821,22446.959105889287,-118777.5074093284
1819.006265,-83.37551365,3552.976514,-85.1901412,16532.1689,-84.91533612,31626.97469,-85.70357476,121226.5229,-79.50737171,209.8436098367116,-1806.8617687913893,297.91461899956886,-3540.464515967069,1465.2079000918898,-16467.111900622876,2369.3825963661434,-31538.096869562974,22076.44301747626,-119199.41492356558
1829.995724,-83.80287347,3564.577214,-85.10683969,16549.0354,-87.18559992,31323.52133,-85.0853292,120939.7785,-79.67516038,197.54711864221048,-1819.3019226545232,304.051249094993,-3551.586061535293,812.5708278306865,-16529.074424183942,2683.5499190025016,-31208.357027296177,21675.884731240538,-118981.45252410996
1824.333776,-83.60348257,3570.204862,-85.30787925,17190.78987,-83.82987387,31664.47813,-85.1922584,121244.7372,-79.54332785,203.24634145476816,-1812.976737561646,292.0479395901675,-3558.2398398125974,1847.6831713502665,-17091.20602101571,2653.8786016340123,-31553.068053884035,22004.940469683297,-119231.15739446112
1823.059766,-83.4318919,3575.553038,-85.53453292,16521.24027,-86.28906688,31507.24008,-84.67376662,121863.2922,-79.39347882,208.52923817090738,-1811.0942734258304,278.3862176616224,-3564.699235751466,1069.2997448261638,-16486.59995616999,2924.7061633747635,-31371.201304965613,22430.550358404413,-119781.18548604228
1817.39585,-83.70603689,3561.178985,-84.91274142,16596.7644,-86.33264015,31504.77521,-85.0808463,121535.3449,-79.55252737,199.24034949141986,-1806.441518215234,315.7796952585105,-3547.150821048926,1061.5922374457011,-16562.777860929684,2701.5342139528634,-31388.733232220005,22038.493267257352,-119520.47889157325
1823.693744,-83.59750013,3575.628844,-85.43173895,15887.79752,-84.76789738,31503.0284,-84.66530195,122605.2809,-79.5533535,203.36426775100196,-1812.3194659073868,284.7872066591353,-3564.2696133945956,1448.817095869443,-15821.600395005387,2928.9492236271544,-31366.575439735534,22230.770566412797,-120572.99757653626
1817.855665,-83.67614095,3572.326664,-85.55629051,16710.39431,-85.08452796,31216.30277,-85.71440501,121600.4129,-79.23122643,200.23353985038347,-1806.794329272587,276.78255482224,-3561.5880182401,1431.8463647638207,-16648.936722307313,2332.7324136023863,-31129.020513258016,22720.543001029906,-119458.9358030149
1821.252747,-83.17162784,3552.201405,-84.80429332,16863.95508,-83.31912743,31195.97162,-84.96337428,120921.8681,-79.38665616,216.5390437099715,-1808.3341535800892,321.6800977064473,-3537.6060742292298,1961.9386020294858,-16749.44112088891,2738.7733305799547,-31075.51714709748,22271.421748555793,-118853.19498478682
1818.040809,-83.41158227,3550.003906,-85.34946368,16725.7598,-86.01650044,31489.51334,-85.0155638,121828.6849,-79.36522208,208.59534673470534,-1806.0344305992626,287.8274903402172,-3538.3164172272254,1161.9249080213967,-16685.352000944287,2735.9705751776733,-31370.43058999669,22483.233786460783,-119736.09590665146
1824.353685,-83.34640526,3559.052292,-85.54177157,17274.35714,-85.9245096,31541.45263,-84.69274213,121970.8588,-79.39438863,211.38112159255044,-1812.0663314038356,276.6532170268939,-3548.2835589477795,1227.701679226668,-17230.675064752773,2917.48087650723,-31406.234084107386,22448.445704785252,-119887.2707248307
1823.873381,-83.4741462,3572.272407,-85.4002647,16638.65929,-87.30125097,31469.92239,-85.5741275,121978.3497,-79.583316,207.28601042718353,-1812.0559096787144,286.47595411458985,-3560.767006914059,783.4253058973158,-16620.205406636316,2428.5103002235783,-31376.07931138515,22054.361933521566,-119968.00788227137
1820.097576,-83.49529013,3561.358322,-85.20917785,16754.08652,-86.13898318,31336.68333,-85.14204798,120826.8122,-79.75000443,206.18954952406924,-1808.3807828629833,297.43830906604467,-3548.9158274011784,1128.1609724960183,-16716.060179952172,2653.7691704531444,-31224.112978828594,21500.342158165495,-118898.50223403102
1823.004659,-83.69952975,3556.121704,-85.24140188,17393.00453,-86.53342109,31460.5369,-85.07777411,121324.9138,-79.34672537,200.06103215545437,-1811.993810736836,295.007879056,-3543.863982287518,1051.6907882461198,-17361.17948373666,2699.4214706065413,-31344.513168340804,22428.757081220254,-119233.7433966117
1815.84132,-83.48533004,3577.458848,-85.43086258,15878.70244,-86.25717882,31445.65952,-85.24110875,121998.1584,-79.54285547,206.02100414281352,-1804.1161396294112,284.9875058292149,-3566.089445128197,1036.5315723662507,-15844.834914808986,2608.8216952521957,-31337.255017154075,22142.66945116429,-119971.88355013839
1813.925751,-83.56127534,3564.918226,-84.94460166,16396.73371,-87.56959848,31316.69721,-84.7433122,120516.0981,-79.90358113,203.41466297512824,-1802.4841483429555,314.1366940830484,-3551.050562227685,695.316429976918,-16381.984355347631,2869.168545877613,-31184.986708321172,21127.097696045825,-118649.80254594004
1823.213368,-83.2994085,3539.075616,-85.37083579,17287.73769,-84.12012438,31607.17207,-85.19543502,121139.8079,-79.51539601,212.7343411460049,-1810.7598088512673,285.62564819585936,-3527.530893537075,1771.0103801565906,-17196.784486398155,2647.329419990353,-31496.11044565093,22043.969226785168,-119117.2383779
1821.901425,-83.25361736,3565.218091,-85.49139988,17055.73874,-87.23771554,31202.76698,-84.50546125,120651.7475,-79.68323155,214.02732333741096,-1809.2863530359296,280.25727537656337,-3554.185686763171,821.9550184899169,-17035.92128165413,2987.692213010943,-31059.400548762882,21607.54026187977,-118701.13048591829
1824.154516,-83.20098629,3567.228811,-85.10133338,16933.71039,-88.64149712,31544.50825,-84.79052274,120911.8831,-79.25362957,215.95595334656505,-1811.3262335806244,304.61899638994487,-3554.1987362930136,401.46655029732153,-16928.950711174817,2864.1564183225323,-31414.21029957143,22545.44729394899,-118791.35608748575
1832.564022,-83.30027717,3564.310731,-85.03435756,17006.74807,-87.00654225,31514.38412,-84.82056548,120869.8467,-79.29609517,213.79779068694575,-1820.049834324928,308.52087867266096,-3550.9330963205716,888.1251831569435,-16983.542433058283,2844.964690411036,-31385.706657222527,22449.589597819006,-118766.72837192661
1825.643153,-83.53494366,3566.531793,-85.42463787,16767.38482,-86.41428627,31606.54425,-84.93438683,122060.6487,-79.30202802,205.5623642627484,-1814.0333614612744,284.5032757636848,-3555.166229103715,1048.6602004057504,-16734.560211910302,2790.747028847625,-31483.096582899627,22658.342208496273,-119939.15744838084
1816.708383,-83.61858417,3561.407989,-85.53079248,17385.0003,-86.96716182,31309.60105,-85.40620051,121279.1868,-79.58075846,201.92094688059524,-1805.4520985263825,277.5167022531233,-3550.57901532744,919.8107508120688,-17360.650437517907,2507.6189212438912,-31209.02057508343,21933.2737595326,-119279.38905384573
1826.473161,-83.31416577,3549.008285,-85.08865258,16791.38482,-84.68980713,31472.69227,-85.22230034,120948.3037,-79.24573704,212.6474714521681,-1814.0521659363412,303.84567364892337,-3535.977603662596,1554.0044571873768,-16719.320390505356,2621.3601513063995,-31363.33575497448,22568.60664422777,-118824.0302381869
1814.769294,-83.38052449,3558.400747,-85.64824194,16726.10139,-85.9421709,31777.70134,-84.93047615,120857.6659,-79.344546,209.19717275549738,-1802.6713880672662,270.0096761252001,-3548.141858924037,1183.593923372292,-16684.171334924493,2808.0200846567936,-31653.393588340597,22346.89702761051,-118773.69910899214
1818.879115,-83.72411922,3552.702864,-85.49902439,16687.79622,-85.77680423,31555.31477,-84.90000855,121477.1455,-79.51954297,198.83237793344767,-1807.9786836322253,278.80216160300074,-3541.7463199048143,1228.9217957677413,-16642.4846071773,2805.0828286580486,-31430.389761473656,22096.709444708325,-119450.54336646739
1820.771338,-83.38065564,3552.830466,-85.10010562,16703.84829,-85.18412144,31472.57056,-84.71697248,121396.7408,-79.52997385,209.88491723365303,-1808.6339007107363,303.4653214226163,-3539.846482381919,1402.354901436816,-16644.87754312876,2897.856579301648,-31338.87561639659,22060.35149300296,-119375.49819317006
1829.34186,-83.30642713,3549.55663,-85.28606778,16064.76236,-85.51275728,31537.20174,-85.23286594,122109.8506,-79.20707803,213.2268576370744,-1816.8725733882602,291.7055868433841,-3537.550016633166,1256.8607987019896,-16015.520304253589,2620.937704654446,-31428.104924379066,22866.28651697066,-119949.77513308697
1817.516891,-83.4286101,3566.559316,-85.32399204,16977.40544,-84.81111459,31470.44786,-85.34702964,121665.7085,-79.53483551,207.99864133686887,-1805.575867769705,290.750086271931,-3554.6884169894906,1535.4262032026807,-16907.83137627828,2552.895921618445,-31366.73095689703,22099.076835515607,-119641.86319104592
1817.123942,-83.46806264,3563.044987,-85.2118557,16550.78383,-86.92655941,31780.6093,-84.84723177,120649.1902,-79.34838255,206.71061390479562,-1805.3282645238571,297.4132307039778,-3550.610503784955,887.3857726123033,-16526.977699445073,2854.267125290283,-31652.176649588157,22300.409859013347,-118570.31169747256
1820.626005,-83.56873901,3557.633036,-85.30378073,17475.10404,-86.35722575,31602.70162,-85.33234121,121071.6315,-79.17319459,203.9303625141127,-1809.1687199725523,291.27317933990537,-3545.6893199821952,1110.2908761768706,-17439.796884685977,2571.6993318772115,-31497.89059967624,22742.19816510706,-118916.49329126213
1817.907881,-83.67204977,3555.639239,-85.51212704,16576.72318,-85.12781678,31445.13183,-84.84310152,121965.6712,-78.96320291,200.36830790071483,-1806.8319249423603,278.22197798140184,-3544.7373568269645,1407.9140296469113,-16516.825647547194,2826.3949599493535,-31317.85125669467,23349.03330242924,-119709.8475277141
1826.519438,-83.30872688,3561.842606,-85.04399159,16811.81802,-88.37033662,31494.93317,-84.74820813,121075.7874,-79.02208731,212.8250643571604,-1814.0779336547828,307.71057734400927,-3548.5260250570927,478.11392799099315,-16805.018066323457,2882.818204830677,-31362.71950231139,23056.530914556366,-118860.18120765299
1815.904484,-83.48812383,3572.770521,-85.0350937,16729.29004,-87.19575303,31400.15865,-84.96437194,122315.3301,-79.20513146,205.94019706613454,-1804.1889397298908,309.20741325579115,-3559.365107896951,818.460519985999,-16709.25694397173,2756.1547838735178,-31278.963762447456,22908.84662582447,-120150.84154406251
1815.579588,-83.47589124,3542.211206,-85.2386708,16316.37617,-85.29495654,31636.03755,-85.20092844,120824.6819,-79.78247029,206.2884697546145,-1803.822138573687,294.02215725559955,-3529.987421925854,1338.3709436161814,-16261.392761329755,2646.7245503729814,-31525.128406074145,21432.588635347656,-118908.56950036928
1818.993437,-83.15794986,3565.809928,-85.26779762,17082.25494,-86.28907396,31250.53835,-85.08503537,121703.9088,-79.58651733,216.70157585663995,-1806.0391886308344,294.17448133282136,-3553.6547127085846,1105.608038456416,-17046.438475542476,2677.4569912537636,-31135.628646693596,21998.053481788025,-119699.31938073463
1818.703778,-83.32745174,3556.666263,-84.85062024,17514.46977,-84.85413151,31221.26677,-84.92445431,120949.4298,-79.55270287,211.32405374238567,-1806.384670113583,319.22036872035886,-3542.311852809747,1570.9017822103738,-17443.87912463544,2762.119565691275,-31098.84554494478,21931.88259117253,-118944.34452697678
1830.381865,-83.37817457,3543.396844,-85.32626393,16605.54293,-84.98272434,31672.71139,-85.09401721,121134.4521,-79.02465966,211.07147916429267,-1818.171224721224,288.72181925556504,-3531.614489883475,1452.2561652669835,-16541.91669760542,2708.6806976073003,-31556.67434430703,23062.36351385236,-118918.80790994385
1825.666923,-83.41516661,3542.791118,-85.32319925,16470.28077,-87.01633758,31775.04212,-84.45792106,121980.6727,-79.58898083,209.35688193157347,-1813.6232821962165,288.8613326647442,-3530.995332235776,857.2978839668496,-16447.953945119672,3068.730666046623,-31626.510933503858,22042.920381986216,-119972.47256507612
1821.520798,-83.19234866,3553.028261,-85.20973487,16444.45472,-85.39052958,31526.76002,-85.38497183,121335.7378,-79.32858968,215.91682563305972,-1808.6785070750134,296.7081759154553,-3540.617754264022,1321.5369104410324,-16391.26691968843,2536.6547049501564,-31424.54423323471,22468.501064150758,-119237.27490764206
1815.20452,-83.16007335,3564.250283,-85.00849244,15716.62181,-84.58505604,31474.36203,-85.38845961,121830.6379,-79.39702864,216.18339603973848,-1802.285268403744,310.11859079003915,-3550.733239700214,1483.1457565372348,-15646.484582277046,2530.529004042069,-31372.470227178597,22417.12067948407,-119750.4782101615
1825.16153,-83.2878335,3565.97035,-84.98641099,16528.35543,-85.65315387,31554.60645,-85.3809672,121651.6453,-79.64554788,213.3278542182454,-1812.6516039235396,311.637319147074,-3552.3269441865773,1252.750492032486,-16480.811552381845,2541.0935591617426,-31452.12284946707,21865.32462358647,-119670.5075751841
1816.287968,-83.34399031,3552.768615,-85.32301664,16731.37124,-86.79281443,31362.39565,-85.26837241,121799.2836,-79.32963135,210.52261537746963,-1804.0460667943596,289.68613297428954,-3540.9386857288873,936.0653564082546,-16705.165824355994,2587.0415373394185,-31255.51274561368,22552.16266567056,-119693.21386183247
1813.668318,-83.77684533,3572.154324,-85.2199439,17111.90219,-84.91159338,31482.98369,-85.73040588,120935.2369,-79.32567995,196.6036558717026,-1802.980801399402,297.67109316162623,-3559.7301070120275,1517.7017221167366,-17044.46473324436,2343.893256115689,-31395.61157914815,22400.373169120136,-118842.56310742916
1826.81478,-83.41813225,3576.17777,-85.52656272,17067.06273,-85.15876019,31463.48221,-85.28002113,121286.0082,-79.72246637,209.3945787333909,-1814.7744076946628,278.93081401089876,-3565.2833048212856,1440.3759149818213,-17006.173804042326,2589.004983475694,-31356.78181788629,21639.413938891506,-119339.9830294599
1822.624312,-83.45917751,3566.000317,-85.3327263,16415.35228,-85.25279186,31550.08185,-85.28689175,121625.8416,-79.12787545,207.61712544128574,-1810.7607550189975,290.16271520411465,-3554.1755527195724,1358.5287702170478,-16359.040010251021,2592.3604092309142,-31443.39886606331,22940.78402980124,-119442.73009692263
1825.529523,-83.42294598,3556.213428,-85.42878281,16481.48034,-85.07718928,31228.15459,-85.07415373,120955.8193,-79.92174707,209.0948964750413,-1813.5151953079132,283.4237292751006,-3544.901258874682,1414.3348894869055,-16420.683634312747,2681.4482232301602,-31112.818492111477,21166.42621491224,-119089.43120118984
1822.632899,-83.28564386,3573.218735,-85.45906285,17144.63923,-88.83643205,31383.02946,-84.97552121,122260.0413,-79.56293875,213.1014806458902,-1810.1321618775999,282.89659099554416,-3562.002477112853,348.15097552216497,-17141.103967513234,2748.567914679122,-31262.43612557448,22148.05710482723,-120237.187530144
1825.221507,-83.8811567,3569.561387,-84.97026456,16530.41453,-84.91002545,31582.2709,-85.45751608,120993.624,-79.18806425,194.5523336543639,-1814.823115095516,312.953218254806,-3555.8161902361217,1466.5785608857204,-16465.228569879782,2501.2613008962894,-31483.067307770783,22696.702542944065,-118845.76871866533
1817.967787,-83.53019894,3570.671522,-85.42005491,16371.07135,-83.97066427,31358.18982,-84.83532736,121244.7389,-79.70746948,204.84772892915709,-1806.3898478795336,285.118202025079,-3559.2699713418456,1719.5788593771379,-16280.510609104804,2822.817895586399,-31230.87843650109,21663.276105286175,-119293.70972232908
1816.124275,-83.39449389,3555.568616,-85.37265873,17271.81107,-85.36015477,31311.36213,-84.57305622,120872.9503,-79.33720166,208.9135205861495,-1804.068325524445,286.8439807890338,-3543.9792202789868,1397.1529865363505,-17215.209007444177,2961.318212281315,-31171.0120605926,22364.94965362316,-118785.8541292572
1824.378513,-83.51362965,3533.981817,-85.20948623,17103.77218,-85.6072649,31758.67763,-85.15752785,120274.7944,-79.73220221,206.09430739526192,-1812.7002220873032,295.1329177779416,-3521.6365575866143,1310.0224629340814,-17053.52936878317,2680.9563899234654,-31645.316835854097,21438.887022214964,-118348.63873830985
1817.234725,-83.6672587,3583.054014,-85.04003708,16621.4358,-85.09694539,31463.36569,-84.6392996,122348.1367,-79.44354019,200.44514374296224,-1806.1461153781797,309.78942299622884,-3569.6367575204586,1420.6348022067448,-16560.61366049823,2939.4784028004083,-31325.753738132767,22414.710327104858,-120277.37657146445
1817.782461,-83.29762335,3546.109525,-85.18852885,16331.42185,-85.45985918,31372.4364,-85.03913083,121295.0775,-79.97626402,212.15690676482555,-1805.359388717714,297.43826561103134,-3533.6133406820313,1292.7546264402295,-16280.175831927456,2712.942716947183,-31254.914933280623,21112.15299662744,-119443.59682116912
1818.908229,-83.39336721,3561.720257,-84.77430615,15660.03717,-85.14218881,31208.35292,-84.51884262,121166.9081,-79.62334522,209.2692961261395,-1806.829684066206,324.3985167303636,-3546.9165188184634,1326.1429599238702,-15603.785086177839,2980.9718007722504,-31065.657873321677,21824.38636578439,-119185.2162739608
1821.183708,-83.59517059,3585.670034,-85.28957966,16891.72751,-85.80103265,31565.22829,-84.7721776,121298.0368,-79.79134845,203.1579518451012,-1809.8168263353982,294.45438041688163,-3573.55931958305,1236.816044576331,-16846.386685101625,2876.1025009623386,-31433.925485115193,21498.057398479952,-119377.75027041604
1819.396693,-83.38723128,3565.351057,-85.22896471,16188.16298,-86.57928874,31560.77638,-85.5516141,122149.731,-79.51760211,209.51904305230966,-1807.2924769106357,296.54478002523524,-3552.9972351650936,965.9025703254437,-16159.32092916287,2447.8855347888034,-31465.702949671053,22223.12154525141,-120111.15540264086
1814.485256,-83.30528455,3571.482619,-85.22589487,15683.30587,-86.8200247,31413.72185,-85.09156312,120894.7625,-79.52083279,211.5311192492236,-1802.113018051464,297.2454593698532,-3559.091630557312,869.9929626472215,-15659.156913988721,2687.872242470947,-31298.518547645697,21988.097759594224,-118878.37127436568
1818.00342,-83.43728279,3547.184676,-85.01508741,17362.85431,-86.81381326,31295.31872,-84.79047998,121760.1881,-79.58282688,207.78094011596167,-1806.090672158024,308.22699644711685,-3533.767853766064,965.0412011722372,-17336.01468822421,2841.553939228406,-31166.047952809768,22015.93941157048,-119753.2538930506
1810.403678,-83.30868372,3544.456504,-85.1837791,16919.31203,-87.19358299,31454.13073,-85.08809814,121179.6035,-79.2298179,210.94861911259048,-1798.071788725472,297.59240924090034,-3531.941486875186,828.3971586012276,-16899.02002236,2693.2249905971694,-31338.6164201605,22644.843022157125,-119044.98052803014
1824.107372,-83.42548362,3556.795196,-85.29713628,16073.28855,-86.8842762,31334.57284,-85.10770045,121088.6329,-79.63397401,208.85174574298415,-1812.1116557444395,291.6156691156124,-3544.820498673372,873.6289039973747,-16049.52888248317,2672.3068563610545,-31220.413692497918,21788.191734767435,-119112.26518927416
1813.392734,-83.50204893,3572.885041,-85.44827326,16037.5945,-84.01814494,31318.91718,-84.72785043,121700.9857,-79.26904542,205.21745406679014,-1801.7433236369545,283.5408787988255,-3561.6164990424727,1671.3339176273817,-15950.268972096317,2877.787969664505,-31186.42188083387,22660.41368712555,-119572.72085170572
1815.786855,-83.62562212,3558.643113,-85.23155978,17024.886,-85.03853181,31442.53854,-85.30333681,121922.6113,-79.03038668,201.59685972524258,-1804.5610571381928,295.82623126062964,-3546.3259363178204,1472.410463914382,-16961.095210473628,2574.529707974083,-31336.95943486133,23200.454352437104,-119694.87066725697
1821.350569,-83.45203403,3554.199204,-85.02121547,16196.87383,-86.43575214,31302.8107,-85.09188631,121132.1853,-79.38786574,207.69763326340293,-1809.469421773522,308.45781006849023,-3540.7888614152052,1006.9231397897022,-16165.544458987299,2678.206358074741,-31188.029248793562,22307.64452914802,-119060.38514600357
1817.541867,-83.4067206,3564.03678,-85.35061813,17226.18646,-86.1980385,31494.09578,-85.00289837,120998.0329,-79.62696712,208.69130305055248,-1805.5210822166846,288.8936735314654,-3552.3089131698925,1142.2350006840923,-17188.275048936688,2743.3042053674685,-31374.390050431688,21786.44511283444,-119020.48048556574
1828.522477,-83.29651256,3572.797681,-85.17983282,16904.39469,-85.6884884,31547.34503,-85.19401311,120787.4237,-79.72092238,213.44560195644277,-1816.0218676821232,300.217142118383,-3560.1619256625463,1270.8567576493513,-16856.556081739745,2643.0986313875756,-31436.428042425923,21553.660994443162,-118848.8175028256
1814.880181,-83.45675203,3547.754119,-85.2312499,16866.58456,-86.46667025,31334.01633,-85.10282984,121983.2627,-79.59149174,206.81131137518668,-1803.0582777253396,294.9401620769578,-3535.4730361969223,1039.4734053706966,-16834.523152116828,2674.913329296626,-31219.631933279703,22038.130652437234,-119975.98583167934
1822.384302,-83.36417249,3550.077202,-85.11900122,16804.1375,-85.73412012,31256.11753,-84.87167457,121099.9014,-79.25219206,210.591617181197,-1810.1756033459944,302.06363184483087,-3537.203090363467,1249.9737751031853,-16757.583437968035,2793.8812262115616,-31130.999192814157,22583.49054179272,-118975.51039620918
1820.910648,-83.59412072,3554.258343,-85.42232164,16703.17928,-85.01471485,31687.82582,-84.97114986,120429.5901,-79.38390127,203.1606487789523,-1809.5417482853206,283.6674448618156,-3542.9204266410884,1451.5045186194316,-16639.99196791419,2777.670696899065,-31565.849437299275,22186.44525309284,-118368.27201022043
1815.48037,-83.56469327,3572.923581,-84.84934348,17029.40706,-85.83873471,31319.18588,-85.33207695,122144.5154,-79.19650222,203.4813806877484,-1804.0411030707544,320.75880318641913,-3558.4964108235768,1235.7210043052462,-16984.513487724536,2548.771945464975,-31215.303390420573,22894.924395841765,-119979.60276317608
1823.616907,-83.45598908,3564.402038,-85.50857695,16397.55985,-85.4620979,31360.49624,-85.41795327,120681.782,-79.23643447,207.83101388041692,-1811.7353264662268,279.1278256306194,-3553.456000214056,1297.3512526109791,-16346.157002845677,2505.2829811931383,-31260.26681912997,22538.12397584582,-118558.53184965192
1820.274378,-83.60867678,3583.206269,-85.34246714,16653.23202,-84.90439859,31489.13964,-85.32637465,121812.7515,-79.38744678,202.63009744226218,-1808.9609876428585,290.9555862274136,-3571.373967123012,1479.1039413865064,-16587.416563242397,2565.7263872319077,-31384.43823574482,22433.852758486246,-119729.14715478146
1824.812412,-83.30550089,3571.355752,-85.1054426,16968.5396,-86.0782257,31546.07429,-85.09661527,121499.1203,-79.30764249,212.72820691989685,-1812.3705606111305,304.71621054934195,-3558.332465969409,1160.5537452488725,-16928.805367218236,2696.4253617315285,-31430.62349650115,22542.40566480093,-119389.59829280531
1825.061187,-83.36324839,3561.726926,-85.22205262,16879.08012,-85.51399524,31419.97641,-85.1434736,121554.1011,-78.97617982,210.93019187301934,-1812.8311533207554,296.67153749486937,-3549.349897408515,1320.207098054845,-16827.37052886234,2660.043926955587,-31307.173042477392,23243.22041041706,-119311.15706077866
1831.506125,-83.3930076,3574.612786,-85.12509818,16046.78612,-86.11596029,31525.65323,-85.33883293,121095.1028,-79.08163076,210.73012998994318,-1819.3426005639888,303.77227464704333,-3561.682042938483,1086.9671446654563,-16009.92964405036,2561.8693610894516,-31421.38820859003,22936.65404406263,-118903.04379369585
1827.529148,-83.38333632,3564.170872,-85.36620358,16375.62577,-85.83142618,31398.65727,-85.27086391,121594.9741,-79.49384927,210.5789727881734,-1815.3565167782015,287.93820582995403,-3552.521019562962,1190.363377206829,-16332.304013497082,2588.6719931824455,-31291.7633838465,22171.75857627008,-119556.47555868844
1819.323629,-83.11132684,3555.088358,-85.28960457,16732.22598,-86.13151443,31314.63225,-85.53886219,120525.0167,-79.1838161,218.21072698055323,-1806.1900635504417,291.94147997640505,-3543.0810610902377,1128.865118232252,-16694.10224572215,2435.7427664116876,-31219.758969739232,22617.575937763995,-118383.80340753864
1819.94806,-83.51395607,3568.8139,-85.27377977,16419.36911,-86.3383328,31667.93709,-84.97550577,121712.0251,-79.28068843,205.58351097743406,-1808.299300755258,294.0509600318557,-3556.6791654206813,1048.6173404095512,-16385.850104398447,2773.5290090200015,-31546.24821388943,22638.1682872698,-119588.16994393835
1826.389665,-83.79412155,3555.173539,-84.99068571,17452.73097,-85.6265316,31824.4567,-85.10861187,122221.8971,-79.14862293,197.43519451933443,-1815.6867990884123,310.4295339149902,-3541.5946121597694,1330.8985062622814,-17401.911604109075,2713.581232580428,-31708.555961197002,23009.745533640755,-120036.42672622377
1824.251846,-83.4059109,3559.196659,-85.15047203,16426.40513,-85.22854325,31707.67435,-85.46320549,121867.7744,-79.26011453,209.48735674584685,-1812.1837227494473,300.89166113638146,-3546.4552817842427,1366.3714815146839,-16369.478136745643,2508.0543767105146,-31608.326053891422,22710.13279677677,-119733.05435660639
1824.179051,-83.44632146,3575.234247,-85.13115524,16535.73856,-85.65429865,31478.64573,-85.08865806,120339.9209,-79.65491303,208.20086803119744,-1812.2587035680963,303.44849404076695,-3562.3333550337547,1252.9806522039833,-16488.198482850497,2695.0175664244466,-31363.06772800631,21610.209125222493,-118383.67887416917
1813.321064,-83.52182378,3561.070961,-85.39562588,16976.81701,-85.29725154,31727.93195,-84.70667041,120884.7108,-79.80976275,204.5875087871088,-1801.742831925349,285.8650461109896,-3549.5785052157144,1391.866699481884,-16919.663793406144,2927.0496994682117,-31592.626447965256,21386.565042183825,-118977.84726954879
1820.982599,-83.59641981,3554.114911,-85.09984444,16769.02601,-86.5501381,31510.16656,-85.31208173,121303.7829,-79.28386062,203.0960624631385,-1809.6214010871897,303.59117445039516,-3541.1248494494466,1009.077373306083,-16738.63782327398,2575.273918110206,-31404.753794380296,22555.63729351206,-119188.30048345291
1817.549237,-83.50915755,3557.472754,-85.23498917,16543.7605,-87.02205393,31387.41334,-84.71466026,121658.8262,-78.964816,205.4637817427654,-1805.8986304084854,295.5167475225286,-3545.177322417886,859.4742687259777,-16521.419898506247,2891.276957795435,-31253.96348832146,23286.929274694496,-119409.33345981453
1822.446233,-83.4088154,3572.201595,-85.02343355,16254.38577,-85.38000687,31526.47629,-85.19100911,121346.4799,-79.60729511,209.18823524337154,-1810.4006612934204,309.88241279054296,-3558.7353267085846,1309.2378070391333,-16201.572550977817,2642.9973155682874,-31415.494146262143,21890.16619715235,-119355.72381742802
1820.627458,-83.51944635,3556.598585,-84.90981342,16755.28744,-85.10561497,31443.83833,-85.03946844,121143.0716,-79.46634497,205.4869134582304,-1808.994048973338,315.55457572518077,-3542.572342883474,1429.54908023418,-16694.19200273626,2718.932638663566,-31326.06541252168,22146.534306966212,-119101.53153873839
1825.478146,-83.04803408,3558.240519,-85.33177898,17104.48744,-85.75201144,31312.87161,-85.06856149,121715.8467,-79.66968521,220.950757577573,-1812.0571801820972,289.5899426856324,-3546.436698455045,1266.988915732821,-17057.497755313583,2691.7674957960003,-31196.96004762195,21826.42115832488,-119742.86900403435
1822.625638,-83.59345649,3557.017299,-85.34987656,16839.36123,-84.43679783,31325.36757,-84.68954744,122015.1756,-79.13868176,203.37298952764124,-1811.2436731222824,288.37057486159534,-3545.3087985307075,1632.4700094919892,-16760.045593689065,2899.232860542321,-31190.913776546517,22991.619205261104,-119829.41426469172
1824.882346,-83.56638926,3563.897614,-85.4331018,16244.11689,-84.88291305,31575.9425,-85.05092059,121280.3676,-79.97419951,204.48148892381857,-1813.3898911789383,283.76834992356504,-3552.58240251462,1448.834484280866,-16179.376136710027,2724.0678758287554,-31458.21989514321,21113.89596360142,-119428.35074817597
1818.855858,-83.80821874,3558.254207,-85.30210894,17434.7954,-83.08677683,31185.63497,-85.42893538,121786.1624,-79.96424272,196.1758807103735,-1808.2454634281335,291.4275112276601,-3546.2999037493787,2098.555745718368,-17308.037278154145,2485.3554951054775,-31086.441361870868,21222.790946582867,-119922.73552815919
1816.556252,-83.39747248,3546.199143,-85.34546246,15927.67318,-86.00596654,31546.77683,-85.47808468,120045.5071,-79.33126355,208.86940277763375,-1804.5082957037362,287.76583836956576,-3534.504093091617,1109.4037098509227,-15888.989783414812,2487.160673297884,-31448.579620501547,22224.075538602076,-117970.39561411439
1819.12703,-83.76420062,3553.282005,-85.21063975,15863.23451,-86.81447895,31217.60548,-85.54260699,120909.2841,-79.4409781,197.5944822103517,-1808.363783058222,296.67344421873685,-3540.8752977974546,881.5071224976467,-15838.723253856066,2426.161565457302,-31123.184797883772,22156.42143598384,-118861.88611462293
1821.017744,-83.52537087,3552.829989,-85.30228845,17067.30394,-86.55237205,31145.16209,-85.59465758,121233.5543,-79.53627936,205.3438679842722,-1809.4030838495073,290.97216411192994,-3540.8948205855763,1026.3620243278422,-17036.415256014312,2392.3220597256145,-31053.146648526996,22017.577084676475,-119217.45252911329
1822.923577,-83.4827158,3574.397141,-85.34174864,16719.46065,-86.37544139,31186.76752,-85.08356648,121145.5174,-79.49345316,206.90717746819615,-1811.1432266650309,290.28496249349286,-3562.5902882788982,1056.975821557403,-16686.017096345717,2672.7898817523724,-31072.0237930285,22090.62764622704,-119114.40112895439
1831.968296,-83.55290483,3570.129066,-85.0824441,16352.3852,-85.32024493,31747.57987,-85.37558307,121577.7184,-79.29240989,205.70391152219173,-1820.382854877955,306.03934477446006,-3556.9876956981525,1334.1314383704694,-16297.870874268536,2559.6073601053995,-31644.22913840885,22588.748943919192,-119460.83053661685
1820.896339,-83.15695514,3567.895008,-85.4465263,16092.43321,-87.98891036,31428.8305,-85.12047059,121936.0347,-79.52049038,216.95966135128836,-1807.9247724200077,283.25331697258247,-3556.63356933707,564.7306140252387,-16082.52113170984,2673.3659989272423,-31314.924570139236,22178.198823455845,-119902.14366435184
1816.500936,-83.27734061,3557.066204,-85.19725737,17711.29535,-84.4666695,31470.50774,-85.30159399,121669.209,-79.68436069,212.64597194253068,-1804.0114581414089,297.81730041477783,-3544.5768203288562,1707.8078476288476,-17628.765564568297,2577.7738918001596,-31364.75632260122,21787.39860090023,-119702.57173883598
1819.435236,-83.2248283,3553.989537,-85.34981085,16667.97438,-86.04495967,31666.89643,-85.32104954,121075.1861,-79.64368534,214.6454519654141,-1806.7296167243562,288.1291739843182,-3542.2906724610543,1149.6513569882163,-16628.279276272442,2583.143307808598,-31561.364041493365,21765.585206215565,-119102.72872516651
1818.869439,-83.58082971,3557.044803,-85.14430126,16865.45051,-86.05255501,31595.41349,-85.23676265,120601.3217,-79.20812616,203.35219604423642,-1807.4661602619733,301.09146640144473,-3544.2787220264627,1161.0415782151267,-16825.43917283929,2623.6340733207417,-31486.293809424194,22581.632270387257,-118468.34463177029
1823.415846,-83.25563992,3551.649691,-85.02413968,16763.03812,-86.89602959,31252.6898,-84.89244191,121695.6742,-79.54710271,214.1413078595009,-1810.7978483839986,308.0559634840811,-3538.2646948670035,907.6851252111035,-16738.44540947706,2782.292192892468,-31128.595694126547,22078.897234806143,-119676.06032907088
1813.687436,-83.35793306,3586.824206,-85.33111216,16818.39392,-85.9182474,31585.80923,-84.82687047,120435.3541,-79.75353209,209.7828058096395,-1801.5141658868213,291.9578521355828,-3574.922166610611,1197.129554868409,-16775.734108442273,2847.9509834011315,-31457.153715968925,21423.387926862113,-118514.61077406265
1821.403952,-83.31339884,3539.821634,-85.19581648,16868.24062,-85.78910945,31484.89025,-84.98907625,121746.2278,-79.39671409,212.08150236817195,-1809.014591625639,296.46219717208925,-3527.3853441582373,1238.597145881187,-16822.70545199056,2750.0688673024993,-31364.556991605008,22402.24599108657,-119667.3863593767
1821.852516,-83.27167377,3567.664572,-85.24349617,16959.29686,-85.92606808,31407.39718,-85.3847252,121303.4387,-79.30008457,213.45139706885033,-1809.3051404185214,295.83549260626125,-3555.377878597204,1204.8499687739627,-16916.44426403939,2527.1854819178934,-31305.557512401138,22521.822964259383,-119194.34437426641
1822.216557,-83.58508972,3549.343705,-85.42135231,16434.89426,-85.45901445,31461.32807,-84.90987096,120783.8775,-79.10242768,203.5917734637049,-1810.8074360303576,283.335060924683,-3538.016673148098,1301.1867888139757,-16383.30437604078,2791.3338726631855,-31337.25608823295,22834.655397139333,-118605.74849824482
1818.226163,-83.5067527,3561.040614,-85.23222449,16474.46445,-86.39989233,31646.34746,-84.89671205,121553.7548,-79.36895341,205.6161306638788,-1806.5625886275066,295.9843629724638,-3548.7185731519035,1034.4710794386497,-16441.953913696474,2814.9886547725814,-31520.900152637616,22424.715857362047,-119467.34878072375
1819.955072,-83.298653,3552.28278,-85.22343673,15788.27158,-86.71009388,31327.18833,-85.01713671,121401.087,-79.57947979,212.37799386449075,-1807.5209685701075,295.7993786388602,-3539.9457166291963,906.0596463846584,-15762.2515968065,2721.0101878930814,-31208.794148775924,21957.983971616686,-119398.7892094547
1814.249009,-83.86756413,3550.403409,-85.20093683,16243.11279,-85.24699949,31516.82481,-85.27245406,121383.3429,-79.30751785,193.8107092963454,-1803.867200106352,297.0322519584637,-3537.9565017019786,1345.910763199986,-16187.255398187921,2597.542631763329,-31409.60073576873,22521.18431164887,-119275.78207993324
1818.726449,-83.19342671,3550.7744,-85.31207604,16740.89431,-85.70256075,31456.32531,-84.89090872,121358.2822,-79.24678694,215.5516140282492,-1805.907915144614,290.199284034025,-3538.895762132801,1254.4648366793651,-16693.82701096802,2801.2593873781943,-31331.347686513138,22642.922715603556,-119227.2230215484
1818.488123,-83.34869471,3579.468209,-85.25887799,17107.29348,-85.60275442,31192.90997,-84.97406246,121623.3534,-79.4305579,210.62932588047207,-1806.2486928912092,295.8566084258762,-3567.220420228109,1311.6349411380993,-17056.937122239626,2732.7081127284473,-31072.97762956028,22309.01775370705,-119559.80854420134
1823.10108,-83.44552917,3560.756718,-85.4846589,16896.14749,-84.72959881,31339.52471,-86.00306599,121889.0364,-79.43192383,208.10288008938582,-1811.1848992291398,280.3242054006826,-3549.705163059125,1552.0156844595238,-16824.71537111475,2184.461785867328,-31263.300141776235,22354.894677466626,-119821.5167592194
1815.53767,-83.40248156,3554.485967,-85.34111497,16451.24212,-86.83850575,31486.22129,-84.90963236,121663.9187,-79.35882319,208.59461386418386,-1803.514712514395,288.7071119606394,-3542.7416915580047,907.2940345288243,-16426.204212348344,2793.6730689836295,-31362.03950489325,22466.18062764564,-119571.65149585501
1824.857668,-83.60468378,3567.583089,-85.1749203,16014.50418,-86.66898614,31648.93077,-85.65331399,121935.1836,-79.43798262,203.26668734852151,-1813.501630071712,300.0837677329237,-3554.9400598690822,930.5133953910845,-15987.447856122479,2398.711480254585,-31557.89920319075,22350.68269422035,-119869.24535788146
1828.289017,-83.49472605,3562.177321,-85.11373685,15297.62991,-84.52880567,31605.30921,-84.90407711,121379.3741,-79.3612266,207.13539971904265,-1816.517452673125,303.419295338992,-3549.2314657489906,1458.5571317547865,-15227.937876046573,2807.2916340183424,-31480.385701914158,22408.63326230213,-119292.94032851818
1811.141714,-83.26021773,3569.210919,-85.35278775,17157.8144,-87.30486516,31545.75644,-85.14176792,122254.2317,-79.66636654,212.5561325109637,-1798.6256416283072,289.1783680438776,-3557.4769789507145,806.7884302383841,-17138.83564929896,2671.6283152449514,-31432.42197981223,21929.932195308742,-120271.25692561148
1823.15019,-83.22824267,3543.994759,-85.25696496,16333.57527,-87.12911761,31337.60566,-84.74998855,121703.1177,-79.6971976,214.9758318765643,-1810.4314422275193,293.04251762207656,-3531.858566631057,818.0734257656875,-16313.07564412093,2867.4478791670103,-31206.14156158888,21766.64371302685,-119740.8120874842
1824.355969,-83.00214714,3565.083732,-85.23453978,16400.21838,-84.97392888,31723.18366,-85.12551422,121116.5093,-79.62179549,222.26520639714676,-1810.7658268398934,296.17685157996584,-3552.759672249057,1436.8072089431457,-16337.15850311855,2695.6215402051403,-31608.448333286986,21818.530975793976,-119135.05164759574
1818.033156,-83.45009259,3569.732837,-85.23937128,16674.83124,-85.56119702,31489.46728,-85.35472197,120826.9942,-79.26716849,207.38053342412948,-1806.166623175183,296.26310551787657,-3557.4177010670214,1290.5361285423705,-16624.81619096605,2550.2250298024896,-31386.03036185939,22501.567588800845,-118713.27635716849
1819.188499,-83.5446296,3545.606847,-85.17768193,15947.09261,-85.69590992,31309.44578,-85.13981474,121510.8904,-79.35914352,204.53000425751304,-1807.6543564111737,298.06496627953015,-3533.05606937819,1196.8278820083226,-15902.118278165462,2652.678513895718,-31196.86990312771,22437.25510991101,-119421.38028399096
1820.460385,-83.52129257,3566.51676,-85.60656113,16446.93864,-85.89538514,31430.79472,-84.78888653,120715.1104,-79.17168764,205.4097713181068,-1808.834663312651,273.2124878492481,-3556.0366612064227,1177.2353962933598,-16404.752587272964,2854.7254043780654,-31300.884965067336,22678.347371915042,-118565.72202522508
1819.667064,-83.60276057,3578.885404,-85.2849717,17570.52884,-85.7708451,31589.82375,-85.08934816,120890.4112,-79.46600942,202.74921730385853,-1808.3365225225787,294.1840836389686,-3566.773956938923,1295.7504232567917,-17522.685711896494,2704.1568909766856,-31473.87011578092,22101.04074613619,-118852.99961735384
1819.613079,-83.4507281,3561.927497,-85.23254338,16851.80874,-85.89584379,31458.871,-85.13021608,121528.4077,-79.69556725,207.54070210407426,-1807.738535916632,296.0383224058546,-3549.6040350371213,1206.0805482815967,-16808.59385911258,2670.5897591243893,-31345.31089227065,21738.799092366033,-119568.30053203552
1813.037007,-83.37624909,3570.215607,-85.45788079,16782.62147,-84.42929371,31588.44092,-84.880823,121082.7308,-79.14666416,209.13186972050838,-1800.93504875071,282.7322545407658,-3559.002943621805,1629.157126888914,-16703.359855466562,2818.562938290144,-31462.442732871645,22799.349166840217,-118916.85067959785
1826.64305,-83.44367577,3568.720694,-84.97164473,15863.32501,-86.2058957,31620.39389,-85.03582555,120911.4905,-79.42572704,208.56588978740012,-1814.6969724255596,312.7938781639676,-3554.9862702360733,1049.695678627542,-15828.557083801485,2736.2022102014807,-31501.785778327518,22188.46434793381,-118858.15321134709
1826.293255,-83.26085444,3555.062745,-85.24662953,17674.74686,-85.96601408,31516.7725,-85.09870133,121384.4597,-79.11334381,214.31416710246623,-1813.6748581368356,294.59678414886235,-3542.8355671207896,1243.386321600157,-17630.95763197046,2692.777483989507,-31401.527004884258,22925.4879356927,-119199.87021625205
